Time,PX,PY,PZ,VX,VY,VZ,AX,AY,AZ,MAX-M10S - Lat,MAX-M10S - Lon,MAX-M10S - Alt (m),MAX-M10S - Disp X (m),MAX-M10S - Disp Y (m),MAX-M10S - Disp Z (m),ALT,MAX,MAY,MAZ,BMI088andLIS3MDL - GyroX (rad/s),BMI088andLIS3MDL - GyroY (rad/s),BMI088andLIS3MDL - GyroZ (rad/s),BMI088andLIS3MDL - OriX,BMI088andLIS3MDL - OriY,BMI088andLIS3MDL - OriZ
0,-1.537,2.065,20.475,-5.818,12.224,56.787,-4.961,27.505,63.189,0,0,0,0,0,0,17.342,-69.07,1.501,1.02,0.724,0.006,0.07,0.706,-0.131,-0.674
0.2,-1.788,3.344,30.481,-6.345,18.575,65.474,-5.86,37.649,51.617,0,0,0,0,0,0,27.5,-64.129,1.07,1.587,1.063,0.134,0.138,0.691,-0.214,-0.649
0.4,-1.952,5.036,41.581,-5.984,25.877,71.917,-1.861,45.764,42.189,0,0,0,0,0,0,38.072,-62.268,0.057,0.639,0.884,0.043,0.401,0.661,-0.298,-0.633
0.6,-1.962,7.044,53.73,-4.998,33.14,76.803,1.146,49.635,34.884,0,0,0,0,0,0,50.128,-60.638,-2.112,0.668,0.482,0.026,0.322,0.639,-0.35,-0.625
0.8,-1.868,9.111,69.168,-4.494,38.305,83.722,-1.131,43.431,37.064,0,0,0,0,0,0,68.277,-57.01,-2.392,2.32,-0.52,0.043,-0.03,0.657,-0.317,-0.639
1,-1.729,10.929,85.521,-3.826,41.118,90.8,-0.07,35.47,39.745,0,0,0,0,0,0,84.005,-53.254,-1.257,0.56,-0.573,-0.023,-0.092,0.671,-0.273,-0.655
1.2,-1.585,12.308,103.442,-3.668,41.913,98.239,-2.35,28.298,41.141,0,0,0,0,0,0,102.065,-49.978,0.927,0.438,-0.418,0.113,-0.215,0.693,-0.233,-0.654
1.4,-1.497,13.094,122.719,-3.903,39.79,102.691,-4.141,15.426,25.658,0,0,0,0,0,0,121.552,-30.103,0.797,2.571,-0.315,0.158,0.119,0.706,-0.224,-0.652
1.6,-1.432,13.237,142.751,-3.548,36.43,104.652,-1.083,9.62,12.856,0,0,0,0,0,0,141.724,-15.867,-2.557,0.826,-0.405,-0.079,0.036,0.706,-0.199,-0.666
1.8,-1.28,12.792,161.462,-2.169,31.484,103.545,4.311,0.881,2.998,0,0,0,0,0,0,158.643,-3.046,-0.022,-4.367,-0.381,-0.115,-0.019,0.703,-0.17,-0.681
2,-1.086,11.889,178.138,-2.049,26.8,100.276,-1.567,0.402,-1.618,0,0,0,0,0,0,173.289,1.386,-0.733,1.666,-0.377,0.015,0.072,0.707,-0.15,-0.687
2.2,-0.921,10.739,195.379,-1.528,22.538,97.7,0.751,0.22,-2.602,0,0,0,0,0,0,191.998,2.507,-0.876,-0.575,-0.46,0.121,-0.07,0.719,-0.114,-0.684
2.4,-0.781,9.493,212.917,-1.503,18.804,95.778,-1.434,0.364,-2.227,0,0,0,0,0,0,210.49,2.083,-0.56,1.58,-0.413,0.015,-0.047,0.722,-0.082,-0.687
2.6,-0.67,8.246,229.46,-1.186,15.479,93.445,0.242,-0.085,-2.093,0,0,0,0,0,0,226.311,2.097,-0.05,-0.208,-0.473,-0.145,-0.011,0.712,-0.048,-0.7
2.8,-0.568,7.064,247.485,-1.014,12.748,92.504,-0.277,0.509,-2.132,0,0,0,0,0,0,246.641,2.148,-0.431,0.287,-0.411,-0.138,0.026,0.701,-0.022,-0.711
3,-0.47,5.987,266.164,-0.674,10.436,92.169,0.75,0.445,-2.125,0,0,0,0,0,0,266.316,2.148,-0.287,-0.761,-0.443,-0.034,0.134,0.696,0,-0.713
3.2,-0.388,5.032,283.49,-0.713,8.554,90.93,-0.967,0.682,-2.022,0,0,0,0,0,0,282.121,2.148,-0.18,0.919,-0.343,-0.111,0.087,0.685,0.018,-0.72
3.4,-0.319,4.209,300.783,-0.401,7.084,89.861,0.914,1.087,-1.952,0,0,0,0,0,0,299.669,2.14,-0.661,-0.898,-0.386,0.066,-0.051,0.685,0.05,-0.715
3.6,-0.242,3.506,316.745,-0.198,5.781,88.013,0.528,0.513,-1.827,0,0,0,0,0,0,314.309,1.889,0.072,-0.553,-0.392,0.13,-0.109,0.688,0.087,-0.705
3.8,-0.181,2.903,331.389,-0.23,4.657,85.483,-0.52,0.202,-1.839,0,0,0,0,0,0,327.835,1.781,0.567,0.445,-0.236,-0.038,0.183,0.683,0.09,-0.702
4,-0.14,2.396,345.865,-0.157,3.86,83.302,0.083,0.818,-1.284,0,0,0,0,0,0,342.701,1.516,-0.165,-0.036,-0.39,0,0.192,0.677,0.105,-0.695
4.2,-0.109,1.989,360.983,-0.146,3.355,81.981,-0.162,1.455,-0.823,0,0,0,0,0,0,359.083,1.451,-0.79,0.302,-0.373,0.019,-0.06,0.669,0.135,-0.69
4.4,-0.087,1.67,375.077,-0.123,2.927,80.079,-0.06,1.206,-1.025,0,0,0,0,0,0,372.287,1.53,-0.395,0.108,-0.343,-0.006,-0.121,0.658,0.166,-0.688
4.6,-0.077,1.416,388.531,-0.212,2.566,77.981,-0.597,1.03,-1.079,0,0,0,0,0,0,385.436,1.501,-0.072,0.567,-0.283,-0.107,-0.077,0.642,0.188,-0.692
4.8,-0.079,1.211,401.437,-0.254,2.257,75.797,-0.367,0.88,-1.063,0,0,0,0,0,0,398.194,1.386,0.115,0.323,-0.358,-0.062,0.141,0.63,0.202,-0.685
5,-0.082,1.047,414.065,-0.246,2.041,73.809,-0.12,1.017,-0.626,0,0,0,0,0,0,411.002,1.171,-0.23,0.129,-0.366,-0.04,0,0.616,0.226,-0.68
5.2,-0.088,0.917,426.133,-0.317,1.855,71.712,-0.532,0.906,-0.591,0,0,0,0,0,0,422.878,1.092,-0.043,0.51,-0.322,-0.03,-0.021,0.603,0.248,-0.675
5.4,-0.094,0.81,437.655,-0.276,1.662,69.464,0.016,0.653,-0.927,0,0,0,0,0,0,434.263,1.07,0.359,-0.108,-0.371,0.021,0.019,0.591,0.272,-0.663
5.6,-0.092,0.72,448.765,-0.221,1.519,67.288,0.09,0.729,-0.693,0,0,0,0,0,0,445.414,0.984,0.165,-0.158,-0.258,-0.004,-0.07,0.579,0.293,-0.659
5.8,-0.092,0.652,459.736,-0.293,1.491,65.446,-0.538,1.157,-0.048,0,0,0,0,0,0,456.721,1.042,-0.445,0.589,-0.294,0.121,0.051,0.577,0.314,-0.641
6,-0.095,0.604,470.518,-0.282,1.459,63.757,-0.139,1.047,0.077,0,0,0,0,0,0,467.713,0.919,-0.488,0.194,-0.401,0.077,0,0.566,0.343,-0.623
6.2,-0.1,0.568,480.829,-0.329,1.397,61.96,-0.429,0.824,-0.002,0,0,0,0,0,0,477.872,0.79,-0.244,0.424,-0.294,-0.1,-0.19,0.541,0.367,-0.627
6.4,-0.106,0.536,490.521,-0.338,1.328,59.924,-0.26,0.731,-0.286,0,0,0,0,0,0,487.267,0.804,0.072,0.18,-0.268,-0.175,-0.124,0.513,0.383,-0.631
6.6,-0.113,0.506,499.811,-0.369,1.241,57.908,-0.376,0.577,-0.209,0,0,0,0,0,0,496.562,0.646,0.115,0.294,-0.281,-0.211,-0.006,0.487,0.392,-0.631
6.8,-0.119,0.477,508.706,-0.365,1.17,55.901,-0.22,0.6,-0.202,0,0,0,0,0,0,505.471,0.639,0.115,0.165,-0.234,-0.111,0.296,0.481,0.387,-0.613
7,-0.12,0.451,517.347,-0.322,1.123,54.048,-0.023,0.663,0.051,0,0,0,0,0,0,514.282,0.646,-0.158,0,-0.266,-0.089,-0.209,0.454,0.408,-0.617
7.2,-0.117,0.427,525.593,-0.312,1.049,52.193,-0.188,0.486,0.125,0,0,0,0,0,0,522.499,0.488,-0.129,0.18,-0.285,-0.083,-0.017,0.433,0.422,-0.61
7.4,-0.112,0.401,533.431,-0.279,0.969,50.332,-0.058,0.4,0.231,0,0,0,0,0,0,530.292,0.395,-0.23,0.086,-0.311,-0.026,0.049,0.418,0.438,-0.595
7.6,-0.109,0.375,540.987,-0.305,0.897,48.533,-0.346,0.391,0.206,0,0,0,0,0,0,537.96,0.424,-0.108,0.352,-0.33,0.047,0.053,0.405,0.457,-0.575
7.8,-0.109,0.349,548.186,-0.317,0.821,46.757,-0.28,0.32,0.318,0,0,0,0,0,0,545.159,0.359,-0.208,0.33,-0.247,-0.102,0.128,0.392,0.461,-0.561
8,-0.111,0.324,555.069,-0.321,0.764,45.014,-0.239,0.364,0.327,0,0,0,0,0,0,552.092,0.417,-0.201,0.287,-0.207,-0.149,-0.064,0.368,0.466,-0.561
8.2,-0.109,0.3,561.6,-0.279,0.693,43.279,-0.012,0.243,0.389,0,0,0,0,0,0,558.618,0.309,-0.323,0.101,-0.271,-0.192,-0.192,0.333,0.477,-0.566
8.4,-0.105,0.275,567.625,-0.284,0.617,41.405,-0.232,0.172,0.239,0,0,0,0,0,0,564.461,0.259,-0.101,0.251,-0.36,-0.081,-0.277,0.294,0.501,-0.567
8.6,-0.103,0.251,573.329,-0.268,0.561,39.59,-0.126,0.219,0.344,0,0,0,0,0,0,570.229,0.33,-0.208,0.172,-0.241,-0.149,-0.132,0.265,0.51,-0.567
8.8,-0.099,0.227,579.381,-0.259,0.485,38.259,-0.153,0.078,0.194,0,0,0,0,0,0,577.127,0.165,-0.086,0.18,-0.222,-0.068,-0.081,0.243,0.52,-0.562
9,-0.095,0.204,584.702,-0.232,0.448,36.609,-0.053,0.22,0.273,0,0,0,0,0,0,581.898,0.316,-0.151,0.057,-0.26,-0.045,-0.258,0.212,0.538,-0.564
9.2,176.298,-607.129,458.394,98.954,-340.352,-96.252,50.72,-174.436,-67.65,0,0,0,0,0,0,612.676,-192.494,20.098,10.925,0.479,0.739,-0.458,0.256,0.562,-0.598
9.4,16.869,-58.082,603.663,51.965,-178.296,-51.623,-0.389,2.652,0.955,0,0,0,0,0,0,612.598,2.773,-0.136,-0.625,-0.482,0.322,0.062,0.254,0.604,-0.559
9.6,12.876,-44.354,604.502,47.949,-166.151,-48.601,-2.207,-0.806,0.982,0,0,0,0,0,0,613.358,0.237,-0.682,2.442,-0.488,-0.021,0.639,0.265,0.612,-0.496
9.8,13.307,-46.027,603.118,45.375,-158.472,-44.876,-0.745,-3.505,6.976,0,0,0,0,0,0,613.005,0.704,-7.808,0.215,-0.765,0.908,1.436,0.35,0.651,-0.34
10,14.308,-49.85,602.348,42.581,-151.281,-40.109,-1.442,-7.629,9.689,0,0,0,0,0,0,613.352,-0.323,-12.333,-1.393,-0.528,-0.141,1.666,0.417,0.594,-0.21
10.2,15.089,-52.962,601.069,40.743,-144.905,-36.144,5.515,-19.728,5.373,0,0,0,0,0,0,610.411,0.567,-19.789,-7.52,-3.403,0.028,-0.803,0.138,0.661,-0.056
10.4,15.458,-54.205,599.692,38.593,-132.778,-31.54,6.739,-0.812,8.438,0,0,0,0,0,0,607.554,0.23,-0.905,-10.789,-5.55,2.697,-0.952,-0.329,0.891,0.107
10.6,15.162,-53.056,596.498,33.312,-117.734,-29.572,-6.547,5.822,0.912,0,0,0,0,0,0,600.666,4.841,6.709,3.024,-3.841,2.823,1.928,-0.158,0.772,0.529
10.8,14.261,-49.83,592.646,29.719,-101.693,-28.178,3.026,6.764,0.537,0,0,0,0,0,0,595.337,3.29,-0.481,6.644,-3.884,-1.3,2.755,0.22,0.584,0.684
11,12.945,-45.333,589.638,24.212,-88.29,-26.264,-6.575,-6.242,0.993,0,0,0,0,0,0,592.956,2.765,-6.644,-5.603,-2.87,-2.616,-0.384,0.2,0.941,0.226
11.2,11.304,-40.239,588.069,19.37,-74.3,-22.163,-4.607,0.253,8.543,0,0,0,0,0,0,592.435,3.706,5.006,-7.449,-1.756,-0.403,-1.165,0.148,0.919,0.35
11.4,9.495,-34.863,586.414,13.939,-60.58,-18.613,-9.829,5.144,8.665,0,0,0,0,0,0,589.606,8.433,6.738,-9.036,0.786,0.663,0.795,0.189,0.921,0.278
11.6,7.676,-29.585,583.747,10.057,-49.124,-18.404,-4.933,1.577,-2.899,0,0,0,0,0,0,585.112,5.71,-0.065,-1.616,1.402,2.007,0.153,0.116,0.89,0.178
11.8,6.026,-24.639,581.069,6.921,-38.217,-19.1,-4.05,7.036,-7.588,0,0,0,0,0,0,582.473,8.67,6.946,0.273,1.783,1.883,-0.447,-0.079,0.783,0.138
12,4.617,-20.107,578.675,4.83,-28.957,-19.457,-1.42,6.939,-7.412,0,0,0,0,0,0,580.575,4.669,8.928,1.896,2.101,1.779,0.761,-0.314,0.588,0.08
12.2,3.601,-16.101,576.123,5.269,-21.542,-18.832,9.262,5.25,-1.839,0,0,0,0,0,0,577.779,5.093,5.43,7.829,1.483,2.233,1.378,-0.327,0.342,-0.147
12.4,3.128,-12.675,573.039,7.648,-15.747,-17.051,18.022,3.764,6.861,0,0,0,0,0,0,573.705,5.028,1.508,18.934,0.426,0.113,1.259,-0.316,0.364,-0.273
12.6,3.016,-9.896,569.725,8.245,-12.448,-15.997,8.956,-3.228,5.215,0,0,0,0,0,0,569.734,3.57,-1.02,10.2,0.373,-2.156,1.31,-0.209,0.39,-0.399
12.8,2.829,-7.784,565.623,5.876,-10.514,-16.22,-6.157,-5.867,2.206,0,0,0,0,0,0,564.523,6.364,-3.613,-4.863,1.084,-2.962,0.882,-0.358,0.702,-0.41
13,2.345,-6.204,563.819,2.573,-8.847,-13.371,-11.765,-4.067,9.679,0,0,0,0,0,0,565.308,6.335,-7.068,-12.592,0.906,-0.654,-0.102,-0.431,0.687,-0.443
13.2,1.708,-5.022,561.024,0.758,-7.809,-12.268,-5.623,-4.846,6.329,0,0,0,0,0,0,560.746,5.279,-2.536,-7.801,0.072,0.283,-2.062,-0.576,0.675,-0.334
13.4,1.031,-4.209,557.905,-1.656,-7.923,-13.101,-9.953,-8.963,-1.956,0,0,0,0,0,0,557.182,7.046,8.763,-7.535,1.116,0.192,-1.385,-0.688,0.543,-0.371
13.6,0.277,-3.703,554.709,-4.273,-8.016,-13.663,-12.465,-7.856,-0.845,0,0,0,0,0,0,554.064,7.305,11.493,-5.689,3.354,0.722,1.771,-0.623,0.483,-0.613
13.8,-0.39,-3.304,552.822,-4.578,-6.713,-12.602,-2.297,-0.11,2.383,0,0,0,0,0,0,553.781,3.204,0.632,0.553,4.485,2.254,2.687,-0.327,0.317,-0.854
14,-0.832,-2.942,551.269,-4.53,-6.348,-9.395,-1.422,-4.054,13.423,0,0,0,0,0,0,552.106,-1.853,0.481,13.963,3.656,2.793,1.579,0.048,0.114,-0.919
14.2,-1.099,-2.642,548.032,-4.353,-5.621,-9.339,-1.312,-1.66,5.491,0,0,0,0,0,0,546.308,-3.67,0.136,4.597,1.862,2.465,1.174,0.34,0.028,-0.84
14.4,-1.311,-2.319,544.492,-5.174,-4.291,-9.429,-6.699,1.989,5.916,0,0,0,0,0,0,542.387,-0.891,3.642,8.354,0.375,1.526,1.436,0.328,-0.057,-0.743
14.6,-1.582,-1.933,541.433,-6.48,-2.815,-8.216,-9.656,3.485,10.983,0,0,0,0,0,0,539.797,-1.444,8.72,12.161,-2.638,-0.863,2.993,0.087,-0.009,-0.567
14.8,-1.812,-1.622,537.843,-6.075,-3.281,-8.112,-1.601,-5.555,8.016,0,0,0,0,0,0,535.362,-3.333,0.431,9.295,-4.506,-3.607,0.991,-0.17,0.049,-0.461
15,-1.851,-1.449,537.386,-4.789,-3.201,-7.735,2.704,-2.495,-2.494,0,0,0,0,0,0,538.831,-1.415,-3.16,2.787,-5.25,-1.553,-1.434,-0.613,0.115,-0.464
15.2,-1.593,-1.252,532.056,-1.659,-1.925,-11.61,12.39,3.85,-6.248,0,0,0,0,0,0,527.746,3.318,-12.074,7.111,-3.588,-1.01,-1.042,-0.837,0.143,-0.398
15.4,-1.269,-0.909,525.973,-2.31,0.183,-11.603,-5.77,8.671,14.464,0,0,0,0,0,0,521.202,7.334,-5.172,-15.4,-1.715,-0.616,-2.542,-0.914,-0.022,-0.391
15.6,-1.155,-0.604,520.311,-3.1,-0.558,-11.917,-6.237,-4.89,11.129,0,0,0,0,0,0,516.112,4.769,7.729,-10.207,0.597,1.266,-1.04,-0.843,-0.125,-0.509
15.8,-1.142,-0.449,514.033,-3.227,-0.443,-14.389,-2.911,-0.324,1.69,0,0,0,0,0,0,509.407,0.51,1.71,-2.873,2.388,1.903,-0.115,-0.685,-0.223,-0.613
16,-1.113,-0.326,509.433,-2.797,-0.181,-16.327,-0.082,0.652,-3.821,0,0,0,0,0,0,507.507,-0.438,-3.405,-1.803,2.405,2.595,-0.827,-0.403,-0.322,-0.718
16.2,-0.961,-0.033,508.02,-1.13,2.91,-12.039,6.378,15.314,15.8,0,0,0,0,0,0,509.85,3.239,3.433,22.418,1.651,1.956,-2.78,-0.09,-0.431,-0.817
16.4,-0.683,0.395,506.85,0.026,3.588,-8.967,4.385,4.159,11.659,0,0,0,0,0,0,508.047,-2.061,4.331,12.225,-1.526,-0.965,-2.998,-0.091,-0.349,-0.93
16.6,-0.386,0.671,506.259,0.751,2.961,-5.526,2.839,-1.777,13.791,0,0,0,0,0,0,507.36,-2.291,4.654,13.209,-3.215,0.447,-2.876,0.027,-0.067,-0.978
16.8,-0.148,0.772,502.434,0.78,2.406,-6.232,-0.15,-1.224,6.659,0,0,0,0,0,0,499.071,-3.002,-0.424,6.055,-3.126,1.604,-2.314,0.24,0.197,-0.875
17,-0.139,0.878,497.09,-1.482,3.623,-8.363,-11.532,7.811,4.316,0,0,0,0,0,0,492.155,-6.091,-13.209,1.02,-1.485,2.783,-1.099,0.491,0.237,-0.7
17.2,-0.424,0.996,492.36,-3.759,3.189,-10.476,-12.176,-0.174,0.403,0,0,0,0,0,0,488.75,-7.406,-8.885,3.828,5.827,2.109,-4.146,0.217,-0.052,-0.435
17.4,-0.733,1.118,488.914,-3.466,4.353,-10.772,-0.004,8.02,3.572,0,0,0,0,0,0,487.246,-1.013,4.439,7.506,6.115,-2.638,-3.403,-0.295,-0.048,-0.119
17.6,-0.885,1.244,485.982,-3.062,3.943,-12.307,0.242,0.446,-5.279,0,0,0,0,0,0,485.202,1.559,5.035,0.589,4.866,-3.56,0.147,-0.684,0.202,-0.004
17.8,-0.951,1.213,478.999,-2.983,2.622,-14.363,-1.506,-4.15,6.331,0,0,0,0,0,0,473.523,-0.043,-0.251,-7.714,4.51,-1.994,0.565,-0.887,0.339,0.002
18,-0.921,1.131,474.341,-1.934,2.963,-12.844,3.382,3.95,14.958,0,0,0,0,0,0,471.893,1.623,-4.863,-14.983,3.731,-0.888,0.927,-0.905,0.418,-0.07
18.2,-0.855,1.219,468.456,-2.254,4.82,-14.617,-3.3,11.675,3.207,0,0,0,0,0,0,464.478,-4.238,-4.525,-10.911,3.062,2.514,0.145,-0.807,0.391,-0.395
18.4,-0.77,1.432,465.305,-1.261,5.402,-14.796,3.403,5.751,-0.142,0,0,0,0,0,0,465.058,-0.625,-6.515,-1.358,2.143,2.561,-0.752,-0.655,0.281,-0.663
18.6,-0.58,1.582,463.19,-0.128,5.045,-14.08,4.48,1.382,0.531,0,0,0,0,0,0,464.191,-1.178,-3.857,2.449,1.592,2.122,-0.205,-0.467,0.204,-0.822
18.8,-0.354,1.79,458.952,0.365,7.156,-16.709,1.744,14.074,-8.674,0,0,0,0,0,0,457.496,-0.761,-8.526,-14.251,0.533,2.126,0.861,-0.255,0.247,-0.887
19,-0.001,1.915,452.861,3.152,4.94,-16.162,13.866,-7.204,13.448,0,0,0,0,0,0,449.314,-1.142,-7.973,18.977,-0.226,-0.803,0.196,-0.326,0.247,-0.852
19.2,0.581,1.721,449.02,5.917,2.871,-16.545,14.916,-6.858,0.226,0,0,0,0,0,0,448.315,-4.18,-6.637,14.423,0.701,-3.121,0.371,-0.533,0.093,-0.719
19.4,1.139,1.287,446.268,6.09,0.097,-17.316,3.131,-11.233,-6.343,0,0,0,0,0,0,447.097,-7.779,-5.366,9.323,1.949,-3.824,1.918,-0.638,-0.101,-0.406
19.6,1.357,0.81,438.279,3.755,-0.262,-20.279,-8.91,-0.169,1.464,0,0,0,0,0,0,432.921,-7.564,0.007,4.935,4.065,-1.442,3.876,-0.276,0.195,0.097
19.8,1.049,0.57,432.537,-0.878,1.11,-20.808,-20.957,7.964,3.572,0,0,0,0,0,0,430.484,-7.413,-2.097,21.355,4.208,2.785,2.936,0.128,0.498,0.184
20,0.421,0.468,428.559,-2.977,0.518,-19.348,-9.599,-2.012,7.046,0,0,0,0,0,0,428.631,0.941,-7.923,9.065,1.698,-0.373,-0.219,0.262,0.494,0.075
20.2,-0.155,0.434,424.85,-3.636,1.611,-18.576,-3.591,6.304,3.441,0,0,0,0,0,0,424.982,-0.704,5.107,6.156,-1.69,-1.911,-1.08,0.104,0.318,0.029
20.4,-13.186,24.932,351.718,-3.609,12.006,-25.141,-1.566,6.069,-1.606,0,0,0,0,0,0,349.797,-3.39,4.173,3.599,1.777,-0.558,2.621,0.34,0.231,0.203
20.6,-1.189,2.337,334.213,-0.219,5.294,-28.968,0.365,-0.958,-2.426,0,0,0,0,0,0,333.544,-0.165,0.812,-2.5,-0.545,-1.129,0.413,0.321,0.105,0.212
20.8,-0.535,1.662,331.508,0.92,6.009,-29.832,4.93,5.849,-8.416,0,0,0,0,0,0,334.108,2.119,2.378,-10.918,-0.867,-0.034,-2.214,-0.168,0.15,-0.02
21,-0.233,1.871,329.027,0.522,8.598,-31.567,-2.19,14.573,-13.944,0,0,0,0,0,0,333.581,1.25,17.095,-10.853,2.964,2.12,-2.548,0.08,0.281,-0.318
21.2,-0.169,2.225,325.881,-0.797,7.044,-30.009,-6.712,-5.797,2.263,0,0,0,0,0,0,330.19,0.136,5.617,-7.226,6.517,0.364,-2.041,-0.056,-0.567,-0.722
21.4,-0.22,2.323,323.007,-0.818,5.556,-27.268,-0.318,-5.148,7.161,0,0,0,0,0,0,327.226,-1.121,-5.545,-6.773,6.462,-0.906,0.262,0.053,-0.988,0.025
21.6,-0.251,2.194,322.43,-0.716,3.904,-24.378,0.223,-5.746,2.077,0,0,0,0,0,0,329.117,-0.646,-5.804,1.81,2.8,0.181,1.27,-0.031,-0.942,0.307
21.8,-0.265,1.835,319.363,-0.736,1.586,-22.823,-0.44,-9.148,2.686,0,0,0,0,0,0,321.734,-3.836,-4.698,7.37,-3.273,-0.002,1.434,-0.224,-0.781,0.58
22,-0.127,1.323,314.391,1.473,-0.006,-21.877,10.802,-5.981,6.276,0,0,0,0,0,0,313.73,-7.427,-2.564,-11.406,-8.326,-0.718,0.52,-0.137,-0.958,-0.044
22.2,0.177,0.831,305.67,2.465,-0.591,-21.523,5.219,-1.573,16.863,0,0,0,0,0,0,299.799,-3.836,5.603,-16.37,0.068,2.482,2.116,-0.314,-0.942,-0.118
22.4,0.287,0.331,299.504,0.156,-2.625,-23.115,-10.992,-9.55,-1.879,0,0,0,0,0,0,297.279,-0.733,-12.685,-7.355,0.215,3.594,1.244,-0.364,-0.846,-0.197
22.6,0.194,-0.186,296.594,-0.036,-3.533,-22.885,-0.605,-4.857,-5.166,0,0,0,0,0,0,298.832,-0.848,-7.054,-0.409,-1.174,1.41,-1.43,-0.248,-0.807,-0.385
22.8,0.128,-0.587,290.395,0.085,-3.67,-23.13,0.842,-1.78,4.672,0,0,0,0,0,0,288.355,-2.579,3.491,-2.622,-1.112,-0.292,-2.665,-0.082,-0.807,-0.545
23,0.079,-0.63,288.173,-0.131,-0.248,-19.412,-0.923,15.82,10.735,0,0,0,0,0,0,290.818,-2.248,18.927,-1.76,3.848,-2.427,-3.537,0.132,-0.951,-0.25
23.2,0.046,-0.36,283.268,0.055,0.916,-15.596,1.015,5.087,24.265,0,0,0,0,0,0,281.488,-0.991,-13.073,-21.067,7.287,2.286,0.516,0.038,-0.928,0.37
23.4,0.042,-0.192,282.169,0.149,-0.314,-12.527,0.551,-6.495,8.667,0,0,0,0,0,0,284.378,1.623,-6.982,8.138,2.471,0.942,-1.883,0.104,-0.608,0.771
23.6,0.054,-0.15,279.69,0.271,-0.11,-11.847,0.716,0.716,3.494,0,0,0,0,0,0,279.652,0.029,-3.29,1.551,1.981,-0.825,-0.473,0.223,-0.453,0.855
23.8,0.083,-0.009,277.124,0.478,1.456,-10.578,1.19,7.773,7.51,0,0,0,0,0,0,276.727,-0.51,-10.825,0.898,5.12,1.764,0.731,0.056,-0.339,0.939
24,0.081,0.018,270.943,-0.034,-1.086,-10.745,-2.386,-12.609,14.685,0,0,0,0,0,0,265.796,6.199,14.703,11.212,3.633,-4.172,0.837,0.363,0.001,0.906
24.2,0.012,-0.13,262.875,-0.59,-1.125,-15.888,-2.738,-0.453,-4.866,0,0,0,0,0,0,256.008,2.399,0.445,-5.042,4.634,3.079,1.837,-0.014,0.248,0.843
24.4,-0.16,-0.231,259.446,-2.021,-1.189,-15.658,-7.438,-0.781,2.137,0,0,0,0,0,0,259.117,0.345,6.026,4.906,1.383,4.044,-1.606,-0.419,0.154,0.8
24.6,-0.525,-0.291,255.045,-4.58,-1.06,-17.27,-13.779,0.062,-3.821,0,0,0,0,0,0,253.656,-0.74,11.694,8.196,0.601,3.134,1.121,-0.641,0.117,0.582
24.8,-0.974,-0.333,249.507,-5.403,-1.235,-20.023,-6.039,-1.535,-6.811,0,0,0,0,0,0,247.228,-0.488,9.187,0.761,0.524,2.465,0.699,-0.717,0.143,0.323
25,-1.344,-0.06,247.424,-5.892,3.617,-16.668,-5.117,24.018,10.521,0,0,0,0,0,0,249.466,-5.56,21.383,15.019,-6.82,-0.935,5.092,-0.155,0.261,0.138
25.2,-1.471,0.323,239.643,-3.691,2.013,-21.326,8.015,-7.334,-7.93,0,0,0,0,0,0,234.6,-6.307,-11.076,4.295,-5.793,-8.669,-3.707,0.277,0.631,0.518
25.4,-1.244,0.243,235.29,-1.102,-1.427,-19.52,10.399,-16.627,9.942,0,0,0,0,0,0,234.974,-6.738,16.47,-12.915,-3.243,-0.138,-10.159,-0.132,0.514,0.843
25.6,-0.869,-0.114,229.309,-0.088,-2.766,-17.774,3.311,-6.891,17.274,0,0,0,0,0,0,226.468,-3.002,13.181,-13.195,3.473,2.751,-1.244,-0.363,0.739,0.562
25.8,-0.489,-0.447,227.488,1.105,-3.077,-15.991,4.961,-2.437,2.82,0,0,0,0,0,0,229.489,-0.761,-5.509,-2.751,6.547,3.697,-0.39,-0.436,0.897,-0.047
26,-0.111,-0.719,227.069,2.02,-3.704,-14.282,4.328,-4.555,-1.589,0,0,0,0,0,0,230.407,-0.848,-1.465,6.256,5.527,2.755,-1.513,-0.446,0.692,-0.567
26.2,0.245,-0.943,222.531,2.913,-3.87,-14.018,4.934,-2.707,7.831,0,0,0,0,0,0,220.376,-0.682,-0.761,9.589,3.343,1.749,-2.516,-0.224,0.21,-0.949
26.4,0.585,-1.061,217.049,3.783,-3.314,-15.426,5.494,0.645,2.705,0,0,0,0,0,0,213.837,-3.211,2.22,4.762,2.359,0.475,-2.538,-0.234,-0.07,-0.937
26.6,0.99,-1.119,212.883,5.856,-3.595,-16.435,12.29,-3.631,-1.311,0,0,0,0,0,0,211.656,-7.298,8.72,6.055,-5.823,0.198,0.134,-0.062,0.41,-0.852
26.8,1.497,-1.221,208.465,7.668,-4.341,-17.849,12.001,-6.151,-3.294,0,0,0,0,0,0,207.228,-6.551,-5.56,10.904,-5.817,-6.292,0.109,-0.309,0.841,-0.439
27,2.175,-1.332,206.912,11.394,-4.299,-15.2,22.879,-2.445,6.377,0,0,0,0,0,0,209.162,-2.069,-23.488,-3.757,-2.141,-3.558,-2.774,-0.612,0.781,-0.116
27.2,2.863,-1.299,201.684,11.666,-2.727,-16.353,7.07,5.228,2.173,0,0,0,0,0,0,199.067,1.781,-8.081,-3.685,1.743,-0.876,-4.148,-0.802,0.444,-0.285
27.4,3.275,-1.178,194.509,10.976,-2.745,-18.229,3.102,-2.444,4.907,0,0,0,0,0,0,189.801,5.545,2.945,0.503,0.842,0.482,-4.937,-0.879,0.034,-0.446
27.6,3.364,-1.139,190.341,8.96,-3.31,-18.014,-3.313,-5.084,3.091,0,0,0,0,0,0,189.673,-3.297,5.624,1.968,2.114,-5.925,1.947,-0.92,0.01,0.083
27.8,3.357,-1.029,187.443,9.972,-1.42,-17.665,11.734,7.352,-0.908,0,0,0,0,0,0,188.317,-0.259,0.323,-13.87,4.387,-2.452,4.464,-0.603,0.301,0.395
28,3.536,-0.981,184.597,11.841,-3.663,-17.495,16.358,-13.118,-1.798,0,0,0,0,0,0,185.471,6.924,-16.032,-11.744,5.817,3.109,0.92,-0.279,0.65,0.074
28.2,3.588,-1.189,183.481,8.984,-5.141,-14.995,-7.056,-9.726,4.167,0,0,0,0,0,0,186.217,3.886,-7.542,9.474,3.601,2.182,-0.16,-0.048,0.761,-0.214
28.4,3.266,-1.457,181.158,6.309,-5.774,-13.183,-6.789,-6.061,7.052,0,0,0,0,0,0,181.806,5.631,-5.991,8.059,1.617,1.557,0.166,0.031,0.752,-0.429
28.6,2.736,-2.194,175.351,3.903,-13.982,-11.011,-6.51,-45.211,23.797,0,0,0,0,0,0,171.054,-33.537,-35.986,15.264,2.084,5.286,1.466,0.407,0.795,-0.428
28.8,2.444,-3.219,169.204,7.033,-14.442,-9.8,20.451,-8.715,21.634,0,0,0,0,0,0,164.042,-14.56,-11.514,24.853,6.613,0.665,-8.691,-0.112,0.59,-0.705
29,2.309,-3.886,165.087,4.703,-14.206,-11.115,-6.984,-6.582,1.207,0,0,0,0,0,0,162.523,-1.279,-7.887,5.452,11.443,4.206,-4.432,-0.025,-0.488,-0.116
29.2,1.985,-4.195,162.099,3.303,-12.613,-12.346,-3.005,-0.449,-3.699,0,0,0,0,0,0,161.298,-3.706,-1.099,2.823,-4.157,2.376,-3.68,0.464,-0.56,-0.006
29.4,1.755,-4.33,160.075,4.344,-13.249,-13.53,8.682,-11.804,-8.105,0,0,0,0,0,0,160.808,-9.869,-12.599,4.927,2.584,4.528,0.678,0.222,-0.8,0.267
29.6,1.72,-4.47,157.944,5.05,-13.451,-14.677,6.947,-9.926,-8.422,0,0,0,0,0,0,158.841,-9.173,-4.396,10.688,1.31,0.682,-3.158,0.371,-0.688,0.512
29.8,1.812,-4.516,156.426,6.125,-12.586,-13.505,8.962,-4.713,0.778,0,0,0,0,0,0,158.097,-5.344,-7.463,4.346,0.518,0.72,-2.895,0.278,-0.569,0.678
30,1.945,-4.443,155.389,6.215,-11.836,-11.95,4.329,-5.133,1.883,0,0,0,0,0,0,157.326,-1.551,-3.994,5.502,-1.421,1.56,-0.993,0.275,-0.678,0.66
30.2,2.045,-4.29,154.619,6.362,-10.93,-9.314,4.816,-4.056,7.854,0,0,0,0,0,0,156.359,-5.164,-7.032,5.021,1.549,2.344,0.931,-0.066,-0.55,0.81
30.4,2.128,-4.116,153.779,6.509,-10.652,-6.671,4.98,-6.832,10.199,0,0,0,0,0,0,154.755,-8.188,-7.104,7.614,0.081,1.253,-0.381,-0.147,-0.565,0.807
30.6,2.22,-3.97,153.079,6.979,-10.365,-4.255,6.768,-6.493,10.487,0,0,0,0,0,0,153.585,-7.506,-9.072,7.7,-0.594,-0.68,-0.78,-0.042,-0.614,0.785
30.8,2.292,-3.803,152.55,6.72,-9.513,-2.706,3.285,-3.353,7.051,0,0,0,0,0,0,152.767,-3.556,-6.12,4.654,0.053,-0.513,0.379,-0.057,-0.56,0.81
31,2.3,-3.629,152.033,6.382,-9.299,-1.121,2.909,-6.178,8.394,0,0,0,0,0,0,151.864,-5.294,-6.163,7.147,-0.247,-0.107,1.257,-0.124,-0.483,0.811
31.2,2.249,-3.546,151.433,5.841,-9.949,-0.251,1.796,-10.307,6.109,0,0,0,0,0,0,150.845,-6.271,-6.292,8.239,-1.508,-0.332,1.059,-0.101,-0.572,0.698
31.4,2.161,-3.547,150.813,5.526,-10.152,0.272,2.747,-8.093,4.992,0,0,0,0,0,0,150.022,-5.215,-6.184,5.703,-0.539,-0.381,0.805,-0.065,-0.523,0.678
31.6,2.043,-3.581,150.18,4.865,-10.468,1.69,0.79,-8.72,10.253,0,0,0,0,0,0,149.123,-6.206,-7.506,9.323,1.564,-0.217,0.684,-0.164,-0.395,0.715
31.8,1.919,-3.631,149.505,4.773,-10.59,1.967,3.375,-7.853,5.39,0,0,0,0,0,0,148.178,-5.516,-6.659,5.229,-0.716,-0.1,0.317,-0.075,-0.464,0.682
32,26.007,-51.734,166.532,8.501,-15.927,4.758,4.203,-7.745,6.639,0,0,0,0,0,0,134.324,-6.314,-6.515,6.278,0.603,0.107,-0.986,-0.077,-0.441,0.754
32.2,2.37,-4.69,135.336,2.824,-3.9,-2.474,4.71,-5.391,7.188,0,0,0,0,0,0,133.6,-5.064,-6.702,5.689,0.32,-0.038,-0.963,-0.063,-0.442,0.798
32.4,1.426,-2.626,133.789,3.253,-4.058,-1.372,4.095,-4.394,6.972,0,0,0,0,0,0,132.847,-4.295,-6.371,5.064,0.047,0.243,-0.236,-0.075,-0.459,0.803
32.6,1.282,-2.09,132.939,3.892,-4.583,0.089,4.337,-4.501,8.302,0,0,0,0,0,0,132.05,-4.848,-7.427,5.416,0.507,0.281,0.396,-0.108,-0.454,0.805
32.8,1.384,-1.998,132.175,4.657,-5.388,1.318,5.006,-5.739,7.747,0,0,0,0,0,0,130.893,-5.294,-7.757,5.459,-0.251,-0.324,0.454,-0.079,-0.474,0.776
33,1.589,-2.112,131.503,5.35,-6.323,2.008,4.987,-6.699,5.693,0,0,0,0,0,0,130.029,-4.978,-6.96,5.38,-0.554,-0.882,0.277,-0.011,-0.48,0.737
33.2,1.818,-2.339,130.903,5.819,-7.383,2.258,4.384,-7.912,3.988,0,0,0,0,0,0,129.412,-5.071,-6.544,5.402,-0.452,-0.869,0.626,0.033,-0.472,0.676
33.4,2.009,-2.639,130.282,5.992,-8.63,2.276,3.473,-9.636,3.33,0,0,0,0,0,0,128.76,-5.021,-7.118,6.335,-0.45,-0.756,1.074,0.077,-0.451,0.595
33.6,2.115,-2.988,129.582,5.744,-9.919,1.921,1.866,-10.789,1.907,0,0,0,0,0,0,128.036,-5.179,-7.334,6.551,-0.454,-0.656,1.223,0.111,-0.435,0.493
33.8,2.109,-3.339,128.768,5.107,-10.867,1.024,0.221,-10.088,-0.617,0,0,0,0,0,0,127.274,-4.899,-6.788,5.667,-0.733,-0.761,1.242,0.185,-0.418,0.37
34,1.997,-3.646,127.942,4.361,-11.508,-0.157,-0.272,-9.472,-2.591,0,0,0,0,0,0,126.732,-4.532,-7.14,4.999,-0.684,-0.705,0.874,0.268,-0.394,0.272
34.2,1.804,-3.896,126.918,3.466,-12.028,-1.694,-1.189,-9.642,-4.561,0,0,0,0,0,0,125.824,-4.892,-8.109,5.05,-0.552,-0.424,0.846,0.327,-0.379,0.187
34.4,1.549,-4.099,125.783,2.496,-12.466,-3.291,-1.924,-9.853,-5.573,0,0,0,0,0,0,124.962,-5.164,-8.95,5.006,-0.179,-0.217,0.507,0.338,-0.376,0.136
34.6,1.272,-4.246,124.579,1.796,-12.528,-4.785,-1.044,-8.447,-5.949,0,0,0,0,0,0,124.072,-4.698,-8.267,4.173,-0.113,-0.104,-0.026,0.383,-0.362,0.145
34.8,1.019,-4.329,123.475,1.383,-12.468,-5.856,-0.068,-8.128,-5.197,0,0,0,0,0,0,123.431,-4.338,-7.564,4.13,0.128,0.341,-0.411,0.384,-0.371,0.198
35,0.814,-4.386,122.369,1.141,-12.72,-6.458,0.394,-9.875,-3.498,0,0,0,0,0,0,122.538,-4.82,-7.463,5.567,0.473,0.801,-0.584,0.324,-0.392,0.291
35.2,0.664,-4.445,121.292,1.1,-12.889,-6.451,1.11,-9.629,-0.809,0,0,0,0,0,0,121.573,-4.798,-6.156,5.804,0.744,1.093,-0.986,0.227,-0.415,0.421
35.4,0.567,-4.484,120.403,1.132,-12.801,-5.859,1.285,-8.46,1.605,0,0,0,0,0,0,120.848,-4.834,-4.561,5.624,1.08,1.057,-1.253,0.104,-0.417,0.563
35.6,0.535,-4.491,119.653,1.581,-12.649,-4.675,3.296,-8.178,4.708,0,0,0,0,0,0,120.045,-5.394,-5.481,6.386,1.208,0.663,-1.611,0.012,-0.398,0.7
35.8,0.591,-4.455,119.066,2.31,-12.188,-3.212,4.805,-6.585,6.489,0,0,0,0,0,0,119.328,-5.042,-6.328,6.565,0.222,0.362,-1.589,-0.005,-0.413,0.778
36,0.714,-4.355,118.573,2.95,-11.452,-1.844,4.607,-5.018,6.746,0,0,0,0,0,0,118.592,-4.927,-6.034,5.588,0.275,0.413,-1.004,-0.053,-0.428,0.814
36.2,0.864,-4.197,118.091,3.432,-10.732,-0.655,4.121,-4.79,6.804,0,0,0,0,0,0,117.799,-4.949,-5.94,5.143,0.047,0.234,-0.198,-0.092,-0.446,0.81
36.4,1.011,-4.009,117.498,3.758,-10.103,0.399,3.637,-4.875,7.425,0,0,0,0,0,0,116.775,-4.252,-6.443,5.703,-0.13,0.032,0.403,-0.084,-0.45,0.797
36.6,1.14,-3.826,116.898,3.987,-9.73,1.148,3.414,-5.775,6.631,0,0,0,0,0,0,115.938,-4.267,-6.263,5.617,-0.143,-0.183,1.14,-0.071,-0.446,0.756
36.8,1.252,-3.702,116.109,4.207,-9.994,1.463,3.595,-8.703,5.613,0,0,0,0,0,0,114.77,-5.718,-7.01,6.192,-0.345,-0.626,1.327,-0.039,-0.444,0.679
37,1.346,-3.67,115.321,4.357,-10.467,1.249,3.433,-9.68,3.017,0,0,0,0,0,0,113.971,-5.502,-6.953,5.998,-0.562,-1.427,0.81,0.068,-0.426,0.595
37.2,1.402,-3.695,114.56,4.138,-10.7,0.602,1.711,-8.528,0.427,0,0,0,0,0,0,113.354,-4.022,-6.098,4.741,-0.739,-1.344,1.449,0.167,-0.403,0.448
37.4,1.376,-3.744,113.63,3.388,-11,-0.392,-0.99,-8.966,-1.286,0,0,0,0,0,0,112.419,-4.137,-6.328,5.085,-0.562,-1.106,1.913,0.235,-0.368,0.268
37.6,1.213,-3.792,112.707,1.862,-10.951,-1.55,-5.171,-7.329,-2.96,0,0,0,0,0,0,111.782,-4.791,-6.077,5.416,-1.387,-1.57,1.807,0.334,-0.301,0.03
37.8,0.89,-3.785,111.729,-0.036,-10.412,-2.512,-7.666,-4.87,-2.595,0,0,0,0,0,0,111.005,-4.748,-6.278,5.222,-1.057,-1.89,1.438,0.403,-0.189,-0.185
38,0.435,-3.678,110.645,-2.033,-9.351,-3.087,-9.068,-2.067,-0.856,0,0,0,0,0,0,109.982,-4.575,-6.371,5.071,-1.018,-1.837,1.489,0.444,-0.074,-0.391
38.2,-0.1,-3.442,109.478,-3.858,-7.79,-3.037,-9.278,0.898,2.376,0,0,0,0,0,0,108.775,-4.856,-6.486,5.186,-0.833,-2.007,1.675,0.442,0.041,-0.589
38.4,-0.634,-3.078,108.402,-5.037,-6.011,-2.386,-7.13,2.709,5.281,0,0,0,0,0,0,107.727,-4.712,-6.572,4.547,-0.807,-2.131,1.572,0.419,0.168,-0.739
38.6,-1.066,-2.632,107.454,-5.305,-4.453,-0.948,-3.462,2.497,9.512,0,0,0,0,0,0,106.673,-5.725,-6.888,5.337,-1.349,-2.263,1.736,0.369,0.289,-0.848
38.8,-1.309,-2.204,106.545,-4.527,-3.778,0.615,1.26,-1.039,11.142,0,0,0,0,0,0,105.432,-5.983,-6.615,6.874,-1.336,-2.478,1.592,0.24,0.374,-0.896
39,-1.333,-1.892,105.619,-3.251,-3.824,1.57,3.688,-4.009,9.161,0,0,0,0,0,0,104.162,-5.337,-6.005,7.003,-0.923,-2.352,1.491,0.122,0.39,-0.872
39.2,-1.19,-1.739,104.595,-2.066,-4.506,1.706,3.519,-6.861,5.885,0,0,0,0,0,0,102.872,-4.303,-5.581,6.666,-1.911,-1.892,1.609,-0.004,0.43,-0.75
39.4,-0.954,-1.748,103.553,-0.988,-5.479,1.791,3.461,-8.333,5.781,0,0,0,0,0,0,101.781,-4.92,-6.86,6.601,0.927,-0.991,2.135,0,0.37,-0.661
39.6,-0.707,-1.914,102.314,-0.563,-7.015,0.636,0.703,-11.46,-0.037,0,0,0,0,0,0,100.426,-6.4,-6.551,6.924,-2.327,-0.948,1.376,-0.151,0.442,-0.466
39.8,-0.502,-2.219,101.014,-0.233,-8.575,-0.906,0.638,-12.19,-2.775,0,0,0,0,0,0,99.395,-7.42,-7.872,6.299,-0.569,-1.602,0.292,-0.251,0.347,-0.389
40,-0.337,-2.59,99.76,-0.034,-9.791,-2.351,0.318,-11.222,-3.618,0,0,0,0,0,0,98.58,-6.508,-7.427,6.45,-0.678,-1.545,-0.234,-0.37,0.238,-0.34
40.2,-0.247,-2.958,98.679,-0.467,-10.614,-3.153,-2.646,-9.996,-1.963,0,0,0,0,0,0,98.007,-5.035,-6.342,6.723,-0.309,-1.315,0.458,-0.357,0.237,-0.198
40.4,-0.269,-3.276,97.6,-1.27,-11.105,-3.724,-4.533,-8.979,-1.347,0,0,0,0,0,0,97.107,-4.446,-6.386,6.515,0.111,-0.976,0.897,-0.338,0.22,-0.069
40.6,-0.416,-3.503,96.688,-2.558,-10.984,-4.092,-7.235,-6.391,-1.344,0,0,0,0,0,0,96.528,-4.619,-5.775,6.35,-0.62,-0.609,1.519,-0.357,0.219,0.104
40.8,-0.68,-3.6,95.839,-3.912,-10.362,-4.347,-8.095,-4.089,-1.264,0,0,0,0,0,0,95.836,-4.209,-5.718,5.782,-0.876,-0.601,1.457,-0.397,0.177,0.26
41,-1.04,-3.546,94.814,-5.569,-9.178,-4.56,-10.323,-1.185,-0.562,0,0,0,0,0,0,94.65,-5.567,-6.192,6.242,-0.526,-0.505,1.528,-0.413,0.152,0.401
41.2,-1.463,-3.341,93.803,-6.911,-7.706,-4.723,-9.595,0.652,-0.509,0,0,0,0,0,0,93.703,-5.172,-6.809,4.432,-0.673,-1.125,0.837,-0.462,0.053,0.494
41.4,-1.908,-3.011,92.712,-8.32,-6.059,-4.685,-10.816,2.185,0.75,0,0,0,0,0,0,92.526,-5.804,-8.44,4.173,-1.577,-0.906,0.407,-0.534,-0.071,0.56
41.6,-2.348,-2.577,91.736,-9.363,-4.22,-4.447,-9.875,4.006,1.406,0,0,0,0,0,0,91.662,-5.825,-8.54,2.945,-0.115,-0.629,0.66,-0.55,-0.103,0.605
41.8,-2.741,-2.072,90.856,-10.065,-2.479,-3.788,-8.963,4.525,3.478,0,0,0,0,0,0,90.79,-6.213,-8.196,2.672,-0.603,-0.701,0.32,-0.566,-0.163,0.641
42,-3.06,-1.547,90.104,-10.443,-1.058,-2.773,-7.987,3.981,5.408,0,0,0,0,0,0,89.985,-6.077,-7.966,2.916,-0.703,-0.833,0.141,-0.552,-0.231,0.683
42.2,-3.282,-1.057,89.486,-10.352,-0.045,-1.416,-6.101,2.934,7.513,0,0,0,0,0,0,89.235,-5.703,-7.506,3.663,-0.737,-1.234,0.373,-0.495,-0.296,0.752
42.4,-3.379,-0.648,88.897,-9.745,0.446,0.152,-3.724,1.151,9.574,0,0,0,0,0,0,88.31,-4.935,-7.183,5.56,-0.989,-1.519,1.055,-0.391,-0.347,0.837
42.6,-3.33,-0.345,88.22,-8.627,0.614,1.476,-1.083,0.145,9.821,0,0,0,0,0,0,87.15,-4.188,-6.45,6.206,-0.518,-1.123,1.732,-0.299,-0.347,0.889
42.8,-3.13,-0.163,87.586,-7.107,0.278,2.689,1.314,-1.994,10.088,0,0,0,0,0,0,86.247,-4.518,-6.967,6.206,-1.136,-0.622,2.056,-0.235,-0.397,0.861
43,-2.786,-0.12,86.869,-5.249,-0.53,3.518,3.683,-4.262,9.282,0,0,0,0,0,0,85.163,-5.172,-7.75,5.574,-0.654,-0.744,1.749,-0.167,-0.434,0.806
43.2,-2.321,-0.198,86.014,-3.257,-1.375,3.674,5.276,-4.6,6.847,0,0,0,0,0,0,84.007,-4.338,-7.635,4.331,-0.597,-1.023,0.326,-0.049,-0.483,0.769
43.4,-1.778,-0.37,85.171,-1.41,-2.423,3.663,5.641,-5.953,6.03,0,0,0,0,0,0,83.159,-5.006,-7.808,4.195,-0.72,0.136,0.126,-0.031,-0.542,0.727
43.6,0.649,-29.783,96.219,2.822,-13.806,-0.106,1.331,-6.911,3.954,0,0,0,0,0,0,68.051,-3.814,-4.705,5.337,-0.33,-0.49,1.319,-0.047,-0.522,0.657
43.8,0.105,-2.78,68.223,2.741,-7.743,-6.94,1.061,-8.57,3.414,0,0,0,0,0,0,66.722,-4.87,-5.251,5.911,-0.524,-0.411,1.168,-0.015,-0.476,0.598
44,0.326,-2.13,66.026,3.005,-8.899,-6.824,1.763,-8.672,1.617,0,0,0,0,0,0,65.366,-4.64,-5.89,4.971,-0.62,-0.846,0.901,0.075,-0.456,0.522
44.2,0.579,-2.429,64.346,3.373,-10.329,-6.891,2.351,-9.308,0.101,0,0,0,0,0,0,63.973,-4.848,-6.752,4.805,-0.456,-0.501,0.437,0.146,-0.457,0.471
44.4,0.84,-3.008,62.914,3.803,-11.823,-6.926,2.869,-10.041,-0.094,0,0,0,0,0,0,62.853,-5.215,-7.528,5.021,0.192,0.051,0.283,0.152,-0.465,0.469
44.6,1.106,-3.674,61.49,4.386,-13.198,-6.961,3.973,-10.403,-0.112,0,0,0,0,0,0,61.45,-6.4,-7.865,4.604,0.658,0.143,-0.345,0.121,-0.466,0.517
44.8,1.389,-4.316,60.121,5.217,-14.309,-6.785,5.699,-10.386,0.842,0,0,0,0,0,0,60.137,-6.788,-8.677,4.439,0.277,0.484,-0.467,0.098,-0.479,0.567
45,1.689,-4.851,58.87,6.112,-14.955,-6.011,6.647,-9.523,3.744,0,0,0,0,0,0,58.92,-6.845,-8.892,4.791,0.788,0.871,-0.673,0.028,-0.482,0.652
45.2,1.971,-5.212,57.634,6.632,-14.932,-4.909,5.473,-7.518,5.937,0,0,0,0,0,0,57.443,-6.149,-7.456,5.323,0.822,0.918,-0.961,-0.041,-0.486,0.733
45.4,2.185,-5.349,56.553,6.813,-14.125,-3.491,4.414,-4.588,7.875,0,0,0,0,0,0,56.235,-5.423,-6.939,4.999,1.142,0.999,-1.018,-0.125,-0.466,0.808
45.6,2.311,-5.256,55.636,6.687,-12.809,-1.785,3.356,-2.508,9.878,0,0,0,0,0,0,55.123,-5.919,-7.283,5.2,1.018,0.997,-1.146,-0.204,-0.44,0.854
45.8,2.337,-4.951,54.905,6.204,-10.907,0.042,1.828,0.496,11.136,0,0,0,0,0,0,54.179,-6.249,-7.779,5.294,1.18,0.782,-1.317,-0.249,-0.384,0.889
46,2.256,-4.465,54.301,5.366,-8.735,1.705,0.058,2.445,11.192,0,0,0,0,0,0,53.291,-5.976,-8.548,4.741,0.482,0.443,-0.986,-0.266,-0.373,0.884
46.2,2.074,-3.875,53.715,4.311,-6.877,2.963,-1.27,1.815,10.248,0,0,0,0,0,0,52.356,-5.437,-7.635,4.698,0.3,0.292,-0.109,-0.319,-0.368,0.866
46.4,1.826,-3.272,53.092,3.412,-5.397,4.043,-0.921,0.993,10.424,0,0,0,0,0,0,51.39,-5.89,-6.917,5.287,0.064,-0.16,0.009,-0.331,-0.357,0.869
46.6,1.559,-2.716,52.477,2.688,-4.301,4.867,-0.536,0.119,9.868,0,0,0,0,0,0,50.546,-5.308,-6.026,5.761,-0.192,-0.471,-0.2,-0.303,-0.354,0.882
46.8,1.303,-2.23,51.891,2.092,-3.424,5.658,-0.391,-0.049,10.23,0,0,0,0,0,0,49.794,-5.085,-6.393,6.17,-0.271,-0.33,0.051,-0.283,-0.359,0.889
47,1.063,-1.821,51.349,1.524,-2.781,6.189,-0.714,-0.415,9.291,0,0,0,0,0,0,49.14,-4.008,-5.294,6.551,-0.045,-0.019,0.162,-0.264,-0.331,0.906
47.2,0.849,-1.498,50.643,1.137,-2.473,6.658,-0.238,-1.448,10.008,0,0,0,0,0,0,48.096,-4.949,-5.43,6.953,-0.878,0.354,0.556,-0.283,-0.35,0.892
47.4,0.673,-1.257,49.747,0.916,-2.232,6.934,0.239,-1.306,10.065,0,0,0,0,0,0,46.867,-5.603,-4.992,6.838,0.036,0.249,0.219,-0.298,-0.315,0.899
47.6,0.529,-1.069,48.78,0.656,-1.948,7.252,-0.239,-0.718,10.781,0,0,0,0,0,0,45.734,-4.935,-5.854,7.628,-0.079,0.034,-0.156,-0.267,-0.315,0.91
47.8,0.403,-0.918,47.892,0.363,-1.744,7.281,-0.651,-0.814,9.179,0,0,0,0,0,0,44.901,-4.094,-5.409,6.271,-0.675,0.763,0.226,-0.286,-0.35,0.891
48,0.279,-0.778,47.069,-0.01,-1.272,7.532,-1.302,0.794,10.144,0,0,0,0,0,0,44.127,-5.2,-5.416,6.989,1.263,0.88,0.021,-0.33,-0.254,0.908
48.2,0.143,-0.614,46.053,-0.532,-0.568,7.577,-2.309,2.278,9.974,0,0,0,0,0,0,42.826,-5.516,-5.667,6.888,0.995,0.558,-0.507,-0.349,-0.209,0.902
48.4,-0.038,-0.412,44.994,-1.492,0.237,7.466,-4.853,3.18,9.339,0,0,0,0,0,0,41.722,-4.87,-5.998,7.822,1.27,0.616,-0.701,-0.35,-0.145,0.882
48.6,-0.286,-0.193,43.878,-2.591,0.857,7.03,-6.039,2.703,7.73,0,0,0,0,0,0,40.605,-4.41,-6.019,6.917,0.181,1.08,-0.173,-0.392,-0.151,0.839
48.8,-0.597,0.033,42.81,-3.885,1.569,6.584,-7.629,3.606,7.154,0,0,0,0,0,0,39.71,-5.409,-6.012,7.549,1.189,0.997,-0.369,-0.409,-0.062,0.792
49,-0.959,0.244,41.62,-5.152,1.914,5.775,-8.218,2.201,5.336,0,0,0,0,0,0,38.525,-4.676,-5.911,6.637,0.454,0.588,-0.756,-0.414,-0.064,0.727
49.2,-1.351,0.407,40.511,-6.388,2.008,4.966,-8.846,1.282,4.396,0,0,0,0,0,0,37.725,-4.504,-5.775,6.752,0.98,0.513,-0.577,-0.395,-0.021,0.665
49.4,-1.748,0.517,39.474,-7.468,2.018,4.088,-8.863,1.082,3.123,0,0,0,0,0,0,36.997,-4.461,-5.998,5.797,-0.062,0.388,-0.117,-0.431,-0.029,0.631
49.6,-2.136,0.592,38.405,-8.49,2.076,3.227,-9.349,1.466,2.656,0,0,0,0,0,0,36.109,-4.726,-6.529,5.624,0.428,0.107,0.277,-0.435,-0.02,0.624
49.8,-2.498,0.658,37.218,-9.248,2.303,2.602,-8.756,2.442,3.714,0,0,0,0,0,0,34.962,-5.272,-6.68,4.899,-0.494,-0.769,0.317,-0.456,-0.088,0.662
50,-2.803,0.738,35.987,-9.655,2.673,2.282,-7.617,3.317,5.034,0,0,0,0,0,0,33.795,-5.689,-6.694,4.145,-0.893,-0.737,0.454,-0.488,-0.157,0.705
50.2,-3.021,0.824,34.774,-9.625,2.856,2.46,-5.88,2.554,7.392,0,0,0,0,0,0,32.623,-5.689,-6.213,4.978,-0.607,-1.427,0.111,-0.438,-0.222,0.773
50.4,-3.13,0.889,33.694,-9.18,2.82,2.912,-4.032,1.597,8.481,0,0,0,0,0,0,31.632,-4.884,-6.134,5.409,-0.79,-1.453,0.352,-0.374,-0.29,0.833
50.6,-3.121,0.913,32.554,-8.402,2.585,3.464,-2.358,0.648,9.598,0,0,0,0,0,0,30.287,-4.626,-5.94,6.436,-0.692,-1.042,0.793,-0.318,-0.313,0.881
50.8,-2.999,0.89,31.46,-7.371,2.224,4.217,-0.86,-0.019,10.928,0,0,0,0,0,0,29.086,-5.215,-6.192,7.391,-0.441,-0.586,1.236,-0.293,-0.312,0.904
51,-2.78,0.806,30.435,-6.191,1.511,4.84,0.324,-1.937,10.545,0,0,0,0,0,0,27.972,-5.222,-5.84,7.327,-1.155,-0.213,1.038,-0.267,-0.354,0.89
51.2,-2.485,0.664,29.501,-4.941,0.836,5.486,1.259,-2.032,10.799,0,0,0,0,0,0,26.992,-5.71,-5.797,7.492,0.262,-0.313,0.952,-0.256,-0.312,0.896
51.4,-2.137,0.475,28.548,-3.701,-0.029,5.847,1.902,-3.358,9.85,0,0,0,0,0,0,25.885,-5.38,-5.832,6.996,-0.79,-0.151,0.584,-0.217,-0.365,0.869
51.6,-1.748,0.256,27.58,-2.324,-0.702,6.238,3.362,-2.836,10.338,0,0,0,0,0,0,24.804,-6.278,-6.321,6.845,0.673,-0.479,0.39,-0.207,-0.314,0.883
51.8,-1.331,0.025,26.624,-1.064,-1.456,6.229,3.612,-3.701,8.459,0,0,0,0,0,0,23.813,-5.437,-5.955,5.768,-0.793,-0.507,-0.258,-0.156,-0.397,0.857
52,-0.914,-0.212,25.652,0.039,-2.1,6.27,3.664,-3.63,8.78,0,0,0,0,0,0,22.815,-5.265,-6.12,6.206,0.33,-0.482,-0.049,-0.142,-0.383,0.863
52.2,-0.517,-0.442,24.675,0.982,-2.695,6.102,3.661,-3.842,7.705,0,0,0,0,0,0,21.85,-5.078,-5.84,5.258,-0.228,-0.198,0.011,-0.14,-0.418,0.842
52.4,-0.147,-0.667,23.728,1.865,-3.315,6.016,4.096,-4.416,7.906,0,0,0,0,0,0,20.973,-5.538,-6.026,5.639,0.017,-0.473,-0.266,-0.127,-0.42,0.84
52.6,0.196,-0.883,22.776,2.659,-3.829,5.881,4.344,-4.315,7.592,0,0,0,0,0,0,20.043,-5.021,-6.328,5.466,-0.175,-0.584,-0.207,-0.095,-0.435,0.83
52.8,0.498,-1.091,21.807,3.164,-4.418,5.656,3.503,-5.11,7.069,0,0,0,0,0,0,19.098,-4.489,-5.804,5.876,-0.317,-0.303,0.46,-0.082,-0.435,0.805
53,0.747,-1.314,20.878,3.543,-5.242,6.217,3.377,-6.719,10.959,0,0,0,0,0,0,18.177,-5.746,-8.16,8.777,0.441,-0.03,0.712,-0.128,-0.391,0.794
53.2,0.947,-1.581,20.077,3.816,-6.37,7.966,3.25,-8.769,17.267,0,0,0,0,0,0,17.244,-8.217,-12.24,12.972,0.422,0.147,0.652,-0.183,-0.355,0.777
53.4,1.043,-1.941,19.126,3.041,-8.197,7.594,-1.773,-12.963,7.825,0,0,0,0,0,0,15.926,-8.303,-6.759,10.853,-1.753,0.758,0.656,-0.177,-0.506,0.655
53.6,1.066,-2.318,18.132,3.219,-8.682,6.521,3.008,-7.039,3.945,0,0,0,0,0,0,15.062,-5.718,-5.402,3.505,-0.019,-0.275,-0.158,-0.13,-0.511,0.671
53.8,1.081,-2.612,17.175,3.056,-9.036,6.336,1.347,-6.975,7.738,0,0,0,0,0,0,14.313,-5.114,-4.59,7.944,1.383,-0.848,-0.345,-0.107,-0.356,0.771
54,1.112,-2.847,16.294,3.546,-9.421,5.801,4.662,-7.596,5.42,0,0,0,0,0,0,13.621,-4.518,-7.441,5.746,-2.075,0.075,0.207,0.016,-0.49,0.689
54.2,1.125,-3.05,15.357,2.95,-9.87,5.965,-0.723,-8.324,8.973,0,0,0,0,0,0,12.659,-5.466,-5.272,9.625,1.773,1.01,0.396,-0.164,-0.413,0.741
54.4,1.052,-3.326,14.212,2.28,-11.709,3.924,-1.236,-15.787,-1.921,0,0,0,0,0,0,11.49,-8.203,-7.951,11.133,-5.003,0.882,0.565,0,-0.729,0.437
54.6,0.894,-3.697,13.053,1.215,-12.912,1.661,-3.512,-13.361,-4.643,0,0,0,0,0,0,10.865,-8.16,-9.56,7.377,-1.391,1.419,2.391,-0.156,-0.826,0.201
54.8,0.653,-4.057,11.972,0.085,-13.651,-0.103,-4.319,-11.775,-4.01,0,0,0,0,0,0,10.396,-8.734,-4.137,8.943,2.201,0.277,0.147,-0.278,-0.774,0.362
55,-24.301,-69.59,-7.457,-13.822,-22.188,-10.888,-6.986,-10.766,-3.995,0,0,0,0,0,0,-2.946,-6.91,-6.529,9.503,-1.102,0.06,0.482,-0.267,-0.798,0.252
55.2,-2.298,-6.271,-4.26,-8.403,-6.009,-9.075,-5.139,-7.12,1.903,0,0,0,0,0,0,-3.975,-3.915,-6.077,5.337,0.224,2.599,4.898,-0.29,-0.66,0.304
55.4,-1.931,-3.598,-4.585,-8.916,-6.453,-8.957,-5.198,-7.137,-1.312,0,0,0,0,0,0,-3.378,-7.262,-1.796,4.87,1.673,3.628,2.693,-0.439,-0.595,0.367
55.6,-2.275,-2.941,-5.121,-9.728,-6.676,-9.556,-6.085,-3.758,-4.878,0,0,0,0,0,0,-3.486,-7.592,-0.266,4.152,-2.237,0.999,1.907,-0.33,-0.577,0.168
55.8,-2.697,-2.773,-5.462,-9.164,-6.767,-7.818,0.466,-2.857,6.115,0,0,0,0,0,0,-3.472,6.285,1.638,1.896,-8.667,-0.236,0.273,0.218,-0.527,-0.26
56,-3.107,-2.716,-5.642,-10.464,-6.259,-8.243,-9.474,-0.1,-5.331,0,0,0,0,0,0,-3.542,-8.16,-5.193,4.963,-0.394,-1.08,-0.396,0.301,-0.397,-0.235
56.2,-3.499,-2.621,-5.835,-10.549,-5.62,-7.897,-4.36,0.226,-2.086,0,0,0,0,0,0,-3.764,-3.412,-2.162,2.665,-0.686,0.183,0.196,0.354,-0.401,-0.272
56.4,-3.737,-2.485,-6.165,-10.26,-5.278,-7.826,-3.421,-1.525,-3.413,0,0,0,0,0,0,-4.398,-4.453,-2.413,0.151,4.163,-0.776,-0.332,0.012,-0.405,-0.098
56.6,-3.819,-2.194,-5.985,-9.832,-2.908,-5.664,-3.461,8.578,5.725,0,0,0,0,0,0,-3.867,0.503,3.864,10.157,4.44,-0.394,-0.034,-0.286,-0.2,0.043
56.8,-3.666,-1.741,-5.843,-7.615,-1.598,-6.188,5.135,3.716,-7.222,0,0,0,0,0,0,-4.047,4.274,8.584,0.618,1.278,0.192,-0.245,-0.553,-0.031,-0.042
57,-3.249,-1.273,-5.844,-5.453,-0.483,-6.847,5.159,3.354,-7.984,0,0,0,0,0,0,-4.112,3.247,9.345,1.932,0.415,0.464,-0.004,-0.611,0,-0.118
57.2,-2.719,-0.812,-5.895,-3.975,0.686,-7.489,2.432,4.349,-8.313,0,0,0,0,0,0,-4.079,0.675,9.417,2.191,-0.298,-0.062,-0.079,-0.605,-0.01,-0.097
57.4,-2.236,-0.339,-5.989,-3.471,2.161,-7.951,-1.684,6.7,-7.753,0,0,0,0,0,0,-4.099,-2.686,9.388,3.534,-0.582,-0.173,-0.006,-0.56,-0.068,-0.033
57.6,-1.845,0.159,-6.053,-2.867,3.672,-8.008,-0.53,7.826,-6.106,0,0,0,0,0,0,-4.071,-1.077,8.871,4.353,-0.426,-0.019,-0.185,-0.524,-0.076,-0.02
57.8,-1.499,0.673,-6.051,-2.056,5.2,-7.795,1.116,8.909,-4.989,0,0,0,0,0,0,-4.011,0.532,8.993,4.935,-0.684,-0.034,-0.219,-0.487,-0.042,-0.028
58,-1.202,1.196,-5.98,-1.743,6.72,-6.943,-0.804,9.912,-1.69,0,0,0,0,0,0,-3.996,-0.991,7.815,6.299,-1.165,-0.004,-0.064,-0.406,-0.052,-0.023
58.2,-1.029,1.663,-5.757,-2.327,7.296,-4.398,-4.944,6.159,7.438,0,0,0,0,0,0,-4.017,-3.29,4.267,9.417,-4.033,-0.256,-0.469,-0.114,-0.093,0.007
58.4,-0.957,1.833,-5.44,-2.359,4.739,-3.973,-2.058,-9.082,-2.327,0,0,0,0,0,0,-3.964,-1.07,-6.817,6.673,-8.729,0.396,-0.277,0.479,-0.078,-0.033
58.6,-0.888,1.855,-5.198,-1.971,5.956,-2.928,0.166,9.741,1.603,0,0,0,0,0,0,-4.005,-0.395,-4.813,-8.612,-4.547,-0.249,-0.52,0.9,-0.018,-0.024
58.8,-0.797,1.952,-4.903,-1.63,6.048,-0.769,0.11,4.351,8.181,0,0,0,0,0,0,-4.054,-0.108,-0.374,-9.259,-0.215,-0.147,-0.283,0.975,0.015,-0.016
59,-0.686,2.077,-4.508,-1.143,6.948,0.671,1.053,8.616,5.605,0,0,0,0,0,0,-3.992,1.839,-4.137,-9.287,1.41,0,0.085,0.958,0.022,0.032
59.2,-0.572,2.269,-4.126,-0.956,7.809,1.604,-0.21,8.809,4.056,0,0,0,0,0,0,-3.932,-0.05,-5.323,-8.109,-0.207,0,0.181,0.961,0,0.013
59.4,-0.475,2.496,-3.787,-0.766,8.576,2.453,0.002,8.796,4.486,0,0,0,0,0,0,-3.874,-0.201,-5.085,-8.461,0.077,0.036,0.145,0.961,-0.017,0.004
59.6,-0.395,2.734,-3.574,-0.677,9.275,2.97,-0.345,8.933,3.85,0,0,0,0,0,0,-3.997,-0.625,-5.157,-8.232,0.467,-0.153,-0.151,0.954,-0.003,-0.019
59.8,-0.325,2.976,-3.442,-0.47,9.986,2.385,0.38,9.478,-1.346,0,0,0,0,0,0,-3.959,-0.007,-6.903,-6.644,2.058,0.113,0.153,0.899,-0.02,-0.003
60,-0.254,3.154,-3.509,-0.262,9.643,0.312,0.525,4.592,-9.011,0,0,0,0,0,0,-3.94,-0.208,-9.905,-2.097,1.749,0.175,0.066,0.793,-0.034,0.014
60.2,-0.209,3.229,-3.757,-0.47,9.38,-1.495,-1.451,5.133,-8.499,0,0,0,0,0,0,-3.92,-2.026,-9.618,-2.018,-0.844,-0.138,-0.026,0.809,-0.047,-0.036