Time (s),Altitude (m),Vertical velocity (m/s),Vertical acceleration (m/s²),Position East of launch (m),Position North of launch (m),Lateral direction (°),Lateral velocity (m/s),Lateral acceleration (m/s²)
0,0,0,0,0,0,0,0,0
0.002,0,0.001,3.654,0,0,0,9.353e-6,0.028
0.004,1.871e-5,0.022,17.101,-7.48E-08,0,270,6.545e-5,0.028
0.006,9.741e-5,0.057,17.924,-2.62E-07,0,270,1.215e-4,0.028
0.008,2.478e-4,0.094,18.748,-5.61E-07,0,270,1.776e-4,0.028
0.01,4.732e-4,0.132,19.572,-9.72E-07,0,270,2.337e-4,0.028
0.012,7.769e-4,0.172,20.395,-1.50E-06,0,270,2.9e-4,0.028
0.014,0.001,0.214,21.219,-2.13E-06,0,270,3.464e-4,0.028
0.016,0.002,0.257,22.043,-2.88E-06,0,270,4.031e-4,0.028
0.018,0.002,0.302,22.867,-3.75E-06,0,270,4.601e-4,0.029
0.02,0.003,0.348,23.691,-4.72E-06,0,270,5.174e-4,0.029
0.022,0.004,0.397,24.515,-5.82E-06,0,270,5.753e-4,0.029
0.024,0.004,0.446,25.339,-7.02E-06,0,270,6.337e-4,0.029
0.026,0.005,0.498,26.163,-8.35E-06,0,270,6.928e-4,0.03
0.028,0.006,0.551,26.987,-9.80E-06,0,270,7.527e-4,0.03
0.03,0.008,0.606,27.811,-1.14E-05,0,270,8.134e-4,0.031
0.031,0.008,0.634,28.223,-1.22E-05,0,270,8.441e-4,0.031
0.033,0.009,0.677,29.894,-1.35E-05,0,270,8.908e-4,0.031
0.035,0.011,0.739,32.121,-1.53E-05,0,270,9.541e-4,0.032
0.037,0.012,0.806,34.349,-1.73E-05,0,270,0.001,0.033
0.039,0.014,0.877,36.576,-1.94E-05,0,270,0.001,0.034
0.041,0.016,0.952,38.804,-2.17E-05,0,270,0.001,0.035
0.043,0.018,1.032,41.032,-2.40E-05,0,270,0.001,0.036
0.045,0.02,1.116,43.261,-2.66E-05,0,270,0.001,0.037
0.047,0.023,1.228,46.046,-2.99E-05,0,270,0.001,0
0.049,0.025,1.32,46.323,-3.27E-05,0,270,0.001,0
0.051,0.028,1.413,46.599,-3.55E-05,0,270,0.001,0
0.053,0.031,1.507,46.876,-3.83E-05,0,270,0.001,0
0.055,0.034,1.601,47.152,-4.11E-05,0,270,0.001,0
0.057,0.037,1.695,47.429,-4.38E-05,0,270,0.001,0
0.059,0.041,1.79,47.705,-4.66E-05,0,270,0.001,0
0.061,0.044,1.886,47.981,-4.94E-05,0,270,0.001,0
0.063,0.048,1.982,48.258,-5.22E-05,0,270,0.001,0
0.065,0.052,2.079,48.534,-5.50E-05,0,270,0.001,0
0.067,0.057,2.177,48.811,-5.78E-05,0,270,0.001,0
0.069,0.061,2.274,49.087,-6.06E-05,0,270,0.001,0
0.071,0.066,2.373,49.363,-6.33E-05,0,270,0.001,0
0.073,0.071,2.472,49.64,-6.61E-05,0,270,0.001,0
0.075,0.076,2.571,49.916,-6.89E-05,0,270,0.001,0
0.077,0.081,2.672,50.193,-7.17E-05,0,270,0.001,0
0.079,0.086,2.772,50.469,-7.45E-05,0,270,0.001,0
0.081,0.092,2.873,50.746,-7.73E-05,0,270,0.001,0
0.083,0.098,2.975,51.022,-8.01E-05,0,270,0.001,0
0.085,0.104,3.078,51.299,-8.28E-05,0,270,0.001,0
0.087,0.11,3.18,51.575,-8.56E-05,0,270,0.001,0
0.089,0.117,3.284,51.852,-8.84E-05,0,270,0.001,0
0.091,0.123,3.388,52.128,-9.12E-05,0,270,0.001,0
0.093,0.13,3.492,52.405,-9.40E-05,0,270,0.001,0
0.095,0.137,3.597,52.681,-9.68E-05,0,270,0.001,0
0.096,0.141,3.65,52.819,-9.82E-05,0,270,0.001,0
0.098,0.146,3.729,52.888,-1.00E-04,0,270,0.001,0
0.1,0.154,3.835,52.98,-1.03E-04,0,270,0.001,0
0.102,0.162,3.941,53.071,-1.06E-04,0,270,0.001,0
0.104,0.17,4.048,53.163,-1.09E-04,0,270,0.001,0
0.106,0.178,4.154,53.255,-1.11E-04,0,270,0.001,0
0.108,0.186,4.261,53.346,-1.14E-04,0,270,0.001,0
0.11,0.195,4.367,53.438,-1.17E-04,0,270,0.001,0
0.112,0.204,4.474,53.529,-1.20E-04,0,270,0.001,0
0.114,0.213,4.582,53.621,-1.23E-04,0,270,0.001,0
0.116,0.222,4.689,53.713,-1.25E-04,0,270,0.001,0
0.118,0.232,4.796,53.804,-1.28E-04,0,270,0.001,0
0.12,0.241,4.904,53.896,-1.31E-04,0,270,0.001,0
0.122,0.251,5.012,53.987,-1.34E-04,0,270,0.001,0
0.124,0.261,5.12,54.079,-1.37E-04,0,270,0.001,0
0.126,0.272,5.228,54.17,-1.39E-04,0,270,0.001,0
0.128,0.282,5.337,54.262,-1.42E-04,0,270,0.001,0
0.13,0.293,5.445,54.353,-1.45E-04,0,270,0.001,0
0.132,0.304,5.554,54.445,-1.48E-04,0,270,0.001,0
0.134,0.315,5.663,54.536,-1.50E-04,0,270,0.001,0
0.136,0.327,5.772,54.627,-1.53E-04,0,270,0.001,0
0.138,0.338,5.882,54.719,-1.56E-04,0,270,0.001,0
0.14,0.35,5.991,54.81,-1.59E-04,0,270,0.001,0
0.142,0.362,6.101,54.902,-1.62E-04,0,270,0.001,0
0.144,0.375,6.211,54.993,-1.64E-04,0,270,0.001,0
0.146,0.387,6.321,55.084,-1.67E-04,0,270,0.001,0
0.148,0.4,6.431,55.176,-1.70E-04,0,270,0.001,0
0.15,0.413,6.542,55.267,-1.73E-04,0,270,0.001,0
0.152,0.426,6.652,55.358,-1.76E-04,0,270,0.001,0
0.154,0.44,6.763,55.45,-1.78E-04,0,270,0.001,0
0.156,0.453,6.874,55.541,-1.81E-04,0,270,0.001,0
0.158,0.467,6.985,55.632,-1.84E-04,0,270,0.001,0
0.16,0.481,7.096,55.723,-1.87E-04,0,270,0.001,0
0.162,0.495,7.208,55.815,-1.89E-04,0,270,0.001,0
0.164,0.51,7.32,55.906,-1.92E-04,0,270,0.001,0
0.166,0.525,7.432,55.997,-1.95E-04,0,270,0.001,0
0.168,0.54,7.544,56.088,-1.98E-04,0,270,0.001,0
0.17,0.555,7.656,56.18,-2.01E-04,0,270,0.001,0
0.172,0.57,7.768,56.271,-2.03E-04,0,270,0.001,0
0.174,0.586,7.881,56.362,-2.06E-04,0,270,0.001,0
0.176,0.602,7.994,56.453,-2.09E-04,0,270,0.001,0
0.178,0.618,8.107,56.544,-2.12E-04,0,270,0.001,0
0.18,0.634,8.22,56.635,-2.15E-04,0,270,0.001,0
0.182,0.651,8.333,56.726,-2.17E-04,0,270,0.001,0
0.184,0.668,8.447,56.817,-2.20E-04,0,270,0.001,0
0.186,0.685,8.561,56.909,-2.23E-04,0,270,0.001,0
0.188,0.702,8.675,57,-2.26E-04,0,270,0.001,0
0.19,0.719,8.789,57.091,-2.28E-04,0,270,0.001,0
0.192,0.737,8.903,57.182,-2.31E-04,0,270,0.001,0
0.193,0.75,8.989,57.25,-2.33E-04,0,270,0.001,0
0.195,0.768,9.103,57.341,-2.36E-04,0,270,0.001,0
0.197,0.787,9.218,57.433,-2.39E-04,0,270,0.001,0
0.199,0.805,9.333,57.524,-2.42E-04,0,270,0.001,0
0.201,0.824,9.448,57.615,-2.44E-04,0,270,0.001,0
0.203,0.843,9.564,57.707,-2.47E-04,0,270,0.001,0
0.205,0.862,9.679,57.798,-2.50E-04,0,270,0.001,0
0.207,0.882,9.795,57.89,-2.53E-04,0,270,0.001,0
0.209,0.902,9.911,57.981,-2.56E-04,0,270,0.001,0
0.211,0.922,10.027,58.072,-2.58E-04,0,270,0.001,0
0.213,0.942,10.143,58.164,-2.61E-04,0,270,0.001,0
0.215,0.962,10.259,58.255,-2.64E-04,0,270,0.001,0
0.217,0.983,10.376,58.346,-2.67E-04,0,270,0.001,0
0.219,1.004,10.493,58.438,-2.70E-04,0,270,0.001,0
0.221,1.025,10.61,58.529,-2.72E-04,0,270,0.001,0
0.223,1.046,10.727,58.62,-2.75E-04,0,270,0.001,0
0.225,1.068,10.844,58.711,-2.78E-04,0,270,0.001,0
0.227,1.089,10.962,58.803,-2.81E-04,0,270,0.001,0
0.229,1.111,11.079,58.894,-2.83E-04,0,270,0.001,0
0.231,1.134,11.197,58.985,-2.86E-04,0,270,0.001,0
0.233,1.156,11.315,59.076,-2.89E-04,0,270,0.001,0
0.235,1.179,11.434,59.167,-2.92E-04,0,270,0.001,0
0.237,1.202,11.552,59.258,-2.95E-04,0,270,0.001,0
0.239,1.225,11.671,59.349,-2.97E-04,0,270,0.001,0
0.241,1.249,11.789,59.441,-3.00E-04,0,270,0.001,0
0.243,1.272,11.908,59.532,-3.03E-04,0,270,0.001,0
0.245,1.296,12.028,59.623,-3.06E-04,0,270,0.001,0
0.247,1.32,12.147,59.714,-3.09E-04,0,270,0.001,0
0.249,1.345,12.266,59.805,-3.11E-04,0,270,0.001,0
0.251,1.37,12.386,59.896,-3.14E-04,0,270,0.001,0
0.253,1.394,12.506,59.987,-3.17E-04,0,270,0.001,0
0.255,1.42,12.626,60.078,-3.20E-04,0,270,0.001,0
0.257,1.445,12.746,60.169,-3.22E-04,0,270,0.001,0
0.259,1.471,12.867,60.26,-3.25E-04,0,270,0.001,0
0.261,1.496,12.987,60.351,-3.28E-04,0,270,0.001,0
0.263,1.522,13.108,60.442,-3.31E-04,0,270,0.001,0
0.265,1.549,13.229,60.532,-3.34E-04,0,270,0.001,0
0.267,1.575,13.35,60.623,-3.36E-04,0,270,0.001,0
0.269,1.602,13.472,60.714,-3.39E-04,0,270,0.001,0
0.271,1.629,13.593,60.805,-3.42E-04,0,270,0.001,0
0.273,1.657,13.715,60.896,-3.45E-04,0,270,0.001,0
0.275,1.684,13.837,60.986,-3.48E-04,0,270,0.001,0
0.277,1.712,13.959,61.077,-3.50E-04,0,270,0.001,0
0.279,1.74,14.081,61.168,-3.53E-04,0,270,0.001,0
0.281,1.768,14.203,61.259,-3.56E-04,0,270,0.001,0
0.283,1.797,14.326,61.349,-3.59E-04,0,270,0.001,0
0.285,1.826,14.449,61.44,-3.61E-04,0,270,0.001,0
0.287,1.855,14.572,61.53,-3.64E-04,0,270,0.001,0
0.289,1.884,14.695,61.621,-3.67E-04,0,270,0.001,0
0.291,1.913,14.818,61.712,-3.70E-04,0,270,0.001,0
0.293,1.943,14.942,61.802,-3.73E-04,0,270,0.001,0
0.295,1.973,15.065,61.893,-3.75E-04,0,270,0.001,0
0.297,2.003,15.189,61.983,-3.78E-04,0,270,0.001,0
0.299,2.034,15.313,62.074,-3.81E-04,0,270,0.001,0
0.301,2.065,15.438,62.164,-3.84E-04,0,270,0.001,0
0.302,2.08,15.5,62.21,-3.85E-04,0,270,0.001,0
0.304,2.103,15.593,62.193,-3.87E-04,0,270,0.001,0
0.306,2.135,15.717,62.17,-3.90E-04,0,270,0.001,0
0.308,2.166,15.842,62.147,-3.93E-04,0,270,0.001,0
0.31,2.198,15.966,62.124,-3.96E-04,0,270,0.001,0
0.312,2.23,16.09,62.101,-3.98E-04,0,270,0.001,0
0.314,2.262,16.214,62.078,-4.01E-04,0,270,0.001,0
0.316,2.295,16.339,62.056,-4.04E-04,0,270,0.001,0
0.318,2.328,16.463,62.033,-4.07E-04,0,270,0.001,0
0.32,2.361,16.587,62.01,-4.10E-04,0,270,0.001,0
0.322,2.394,16.711,61.987,-4.12E-04,0,270,0.001,0
0.324,2.428,16.835,61.964,-4.15E-04,0,270,0.001,0
0.326,2.462,16.959,61.94,-4.18E-04,0,270,0.001,0
0.328,2.496,17.082,61.917,-4.21E-04,0,270,0.001,0
0.33,2.53,17.206,61.894,-4.23E-04,0,270,0.001,0
0.332,2.564,17.33,61.871,-4.26E-04,0,270,0.001,0
0.334,2.599,17.454,61.848,-4.29E-04,0,270,0.001,0
0.336,2.634,17.577,61.825,-4.32E-04,0,270,0.001,0
0.338,2.669,17.701,61.801,-4.35E-04,0,270,0.001,0
0.34,2.705,17.825,61.778,-4.37E-04,0,270,0.001,0
0.342,2.741,17.948,61.755,-4.40E-04,0,270,0.001,0
0.344,2.777,18.072,61.731,-4.43E-04,0,270,0.001,0
0.346,2.813,18.195,61.708,-4.46E-04,0,270,0.001,0
0.348,2.85,18.318,61.685,-4.49E-04,0,270,0.001,0
0.35,2.886,18.442,61.661,-4.51E-04,0,270,0.001,0
0.352,2.923,18.565,61.638,-4.54E-04,0,270,0.001,0
0.354,2.961,18.688,61.614,-4.57E-04,0,270,0.001,0
0.356,2.998,18.812,61.591,-4.60E-04,0,270,0.001,0
0.358,3.036,18.935,61.567,-4.62E-04,0,270,0.001,0
0.36,3.074,19.058,61.544,-4.65E-04,0,270,0.001,0
0.362,3.112,19.181,61.52,-4.68E-04,0,270,0.001,0
0.364,3.151,19.304,61.496,-4.71E-04,0,270,0.001,0
0.366,3.189,19.427,61.473,-4.74E-04,0,270,0.001,0
0.368,3.228,19.55,61.449,-4.76E-04,0,270,0.001,0
0.37,3.267,19.673,61.425,-4.79E-04,0,270,0.001,0
0.372,3.307,19.796,61.401,-4.82E-04,0,270,0.001,0
0.374,3.347,19.918,61.378,-4.85E-04,0,270,0.001,0
0.376,3.387,20.041,61.354,-4.88E-04,0,270,0.001,0
0.378,3.427,20.164,61.33,-4.90E-04,0,270,0.001,0
0.38,3.467,20.286,61.306,-4.93E-04,0,270,0.001,0
0.382,3.508,20.409,61.282,-4.96E-04,0,270,0.001,0
0.384,3.549,20.531,61.258,-4.99E-04,0,270,0.001,0
0.386,3.59,20.654,61.234,-5.01E-04,0,270,0.001,0
0.388,3.632,20.776,61.21,-5.04E-04,0,270,0.001,0
0.39,3.673,20.899,61.186,-5.07E-04,0,270,0.001,0
0.391,3.705,20.991,61.168,-5.09E-04,0,270,0.001,0
0.393,3.747,21.113,61.222,-5.12E-04,0,270,0.001,0
0.395,3.789,21.235,61.275,-5.15E-04,0,270,0.001,0
0.397,3.832,21.358,61.329,-5.17E-04,0,270,0.001,0
0.399,3.874,21.481,61.382,-5.20E-04,0,270,0.001,0
0.401,3.918,21.604,61.436,-5.23E-04,0,270,0.001,0
0.403,3.961,21.727,61.489,-5.26E-04,0,270,0.001,0
0.405,4.004,21.85,61.542,-5.29E-04,0,270,0.001,0
0.407,4.048,21.973,61.596,-5.31E-04,0,270,0.001,0
0.409,4.092,22.096,61.649,-5.34E-04,0,270,0.001,0
0.411,4.137,22.219,61.702,-5.37E-04,0,270,0.001,0
0.413,4.181,22.343,61.755,-5.40E-04,0,270,0.001,0
0.415,4.226,22.466,61.808,-5.43E-04,0,270,0.001,0
0.417,4.271,22.59,61.862,-5.45E-04,0,270,0.001,0
0.419,4.316,22.714,61.915,-5.48E-04,0,270,0.001,0
0.421,4.362,22.838,61.968,-5.51E-04,0,270,0.001,0
0.423,4.408,22.962,62.021,-5.54E-04,0,270,0.001,0
0.425,4.454,23.086,62.074,-5.56E-04,0,270,0.001,0
0.427,4.5,23.21,62.127,-5.59E-04,0,270,0.001,0
0.429,4.547,23.334,62.18,-5.62E-04,0,270,0.001,0
0.431,4.593,23.459,62.233,-5.65E-04,0,270,0.001,0
0.433,4.64,23.583,62.286,-5.68E-04,0,270,0.001,0
0.435,4.688,23.708,62.339,-5.70E-04,0,270,0.001,0
0.437,4.735,23.833,62.391,-5.73E-04,0,270,0.001,0
0.439,4.783,23.957,62.444,-5.76E-04,0,270,0.001,0
0.441,4.831,24.082,62.497,-5.79E-04,0,270,0.001,0
0.443,4.879,24.207,62.55,-5.82E-04,0,270,0.001,0
0.445,4.928,24.332,62.603,-5.84E-04,0,270,0.001,0
0.447,4.977,24.458,62.655,-5.87E-04,0,270,0.001,0
0.449,5.026,24.583,62.708,-5.90E-04,0,270,0.001,0
0.451,5.075,24.709,62.761,-5.93E-04,0,270,0.001,0
0.453,5.125,24.834,62.814,-5.95E-04,0,270,0.001,0
0.455,5.174,24.96,62.866,-5.98E-04,0,270,0.001,0
0.457,5.224,25.086,62.919,-6.01E-04,0,270,0.001,1.291
0.46,5.3,25.274,62.998,-6.11E-04,0,270,0.005,1.293
0.465,5.414,25.558,63.117,-6.48E-04,0,270,0.011,1.293
0.471,5.588,25.985,63.295,-7.52E-04,0,270,0.02,1.285
0.481,5.851,26.619,63.559,-0.001,0,270,0.033,1.253
0.491,6.121,27.256,63.822,-0.001,0,270,0.045,1.199
0.498,6.306,27.687,63.999,-0.002,0,270,0.053,1.149
0.508,6.586,28.328,64.046,-0.002,-5.77E-09,270,0.064,1.073
0.518,6.873,28.968,64.092,-0.003,-9.83E-09,270,0.074,0.978
0.528,7.166,29.61,64.138,-0.004,-1.59E-08,270,0.083,0.858
0.538,7.465,30.251,64.183,-0.005,-2.45E-08,270,0.091,0.714
0.548,7.771,30.893,64.227,-0.006,-3.59E-08,270,0.098,0.545
0.558,8.083,31.536,64.27,-0.007,-5.06E-08,270,0.102,0.34
0.568,8.401,32.179,64.313,-0.008,-6.92E-08,269.999,0.104,0.106
0.578,8.726,32.822,64.353,-0.009,-9.20E-08,269.999,0.104,0.151
0.588,9.058,33.466,64.392,-0.01,-1.20E-07,269.999,0.101,0.433
0.598,9.396,34.11,64.429,-0.011,-1.52E-07,269.999,0.095,0.738
0.604,9.602,34.496,64.449,-0.011,-1.75E-07,269.999,0.09,0.926
0.613,9.915,35.077,64.513,-0.012,-2.12E-07,269.999,0.081,1.219
0.623,10.269,35.722,64.58,-0.013,-2.61E-07,269.999,0.067,1.564
0.633,10.629,36.368,64.645,-0.013,-3.16E-07,269.999,0.049,1.929
0.643,10.996,37.015,64.707,-0.014,-3.78E-07,269.998,0.028,2.31
0.653,11.369,37.662,64.764,-0.014,-4.48E-07,269.998,0.003,2.712
0.663,11.749,38.31,64.818,-0.014,-5.25E-07,269.998,0.026,3.135
0.673,12.136,38.959,64.868,-0.013,-6.09E-07,269.997,0.06,3.571
0.683,12.528,39.608,64.914,-0.013,-7.00E-07,269.997,0.098,4.014
0.693,12.928,40.257,64.955,-0.011,-7.98E-07,269.996,0.14,4.464
0.696,13.049,40.452,64.967,-0.011,-8.28E-07,269.996,0.154,4.6
0.701,13.231,40.744,64.901,-0.01,-8.75E-07,269.995,0.175,4.8
0.707,13.508,41.182,64.801,-0.009,-9.49E-07,269.994,0.208,5.1
0.717,13.923,41.829,64.65,-0.007,-1.06E-06,269.991,0.261,5.543
0.727,14.345,42.475,64.495,-0.004,-1.18E-06,269.982,0.319,5.983
0.737,14.773,43.119,64.337,-1.81E-04,-1.31E-06,269.586,0.381,6.415
0.747,15.207,43.762,64.177,0.004,-1.44E-06,90.021,0.447,6.836
0.757,15.648,44.403,64.016,0.009,-1.57E-06,90.01,0.518,7.223
0.767,16.095,45.042,63.856,0.014,-1.70E-06,90.007,0.592,7.583
0.777,16.549,45.68,63.695,0.021,-1.83E-06,90.005,0.669,7.92
0.787,17.009,46.316,63.535,0.028,-1.97E-06,90.004,0.75,8.231
0.797,17.475,46.95,63.376,0.036,-2.09E-06,90.003,0.834,8.512
0.798,17.522,47.014,63.363,0.036,-2.11E-06,90.003,0.842,8.539
0.8,17.592,47.109,63.356,0.038,-2.12E-06,90.003,0.855,8.58
0.802,17.699,47.251,63.344,0.04,-2.15E-06,90.003,0.874,8.639
0.805,17.858,47.465,63.328,0.043,-2.19E-06,90.003,0.904,8.725
0.81,18.1,47.786,63.303,0.047,-2.25E-06,90.003,0.948,8.847
0.818,18.464,48.266,63.268,0.055,-2.34E-06,90.002,1.016,9.013
0.828,18.95,48.899,63.224,0.065,-2.45E-06,90.002,1.107,9.197
0.838,19.442,49.531,63.184,0.077,-2.55E-06,90.002,1.2,9.342
0.848,19.941,50.162,63.149,0.089,-2.64E-06,90.002,1.294,9.444
0.858,20.445,50.794,63.113,0.103,-2.72E-06,90.002,1.389,9.547
0.868,20.957,51.425,63.08,0.117,-2.79E-06,90.001,1.485,9.616
0.878,21.474,52.055,63.053,0.133,-2.86E-06,90.001,1.581,9.637
0.888,21.998,52.686,63.032,0.149,-2.92E-06,90.001,1.677,9.609
0.898,22.528,53.316,63.016,0.166,-2.97E-06,90.001,1.773,9.532
0.902,22.74,53.566,63.012,0.173,-2.99E-06,90.001,1.811,9.481
0.908,23.06,53.941,62.95,0.184,-3.01E-06,90.001,1.867,9.376
0.917,23.544,54.503,62.859,0.201,-3.05E-06,90.001,1.95,9.186
0.927,24.092,55.131,62.762,0.221,-3.08E-06,90.001,2.04,8.928
0.937,24.647,55.758,62.668,0.242,-3.10E-06,90.001,2.128,8.627
0.947,25.207,56.384,62.577,0.264,-3.11E-06,90.001,2.213,8.285
0.957,25.774,57.009,62.486,0.286,-3.11E-06,90.001,2.294,7.926
0.967,26.347,57.634,62.394,0.31,-3.10E-06,90.001,2.371,7.545
0.977,26.927,58.257,62.302,0.334,-3.08E-06,90.001,2.445,7.137
0.987,27.513,58.88,62.21,0.358,-3.04E-06,90,2.514,6.709
0.997,28.105,59.502,62.115,0.384,-2.99E-06,90,2.579,6.267
0.998,28.171,59.571,62.104,0.387,-2.98E-06,90,2.586,6.217
1,28.271,59.675,62.093,0.391,-2.97E-06,90,2.596,6.142
1.002,28.421,59.831,62.078,0.398,-2.95E-06,90,2.611,6.018
1.006,28.647,60.065,62.054,0.408,-2.91E-06,90,2.634,5.829
1.012,28.988,60.416,62.017,0.423,-2.86E-06,90,2.666,5.545
1.02,29.503,60.942,61.959,0.445,-2.76E-06,90,2.711,5.118
1.03,30.115,61.561,61.887,0.473,-2.61E-06,90,2.76,4.622
1.04,30.734,62.18,61.81,0.501,-2.43E-06,90,2.804,4.143
1.05,31.359,62.797,61.729,0.529,-2.21E-06,90,2.843,3.691
1.06,31.99,63.414,61.639,0.557,-1.96E-06,90,2.878,3.332
1.07,32.627,64.03,61.546,0.586,-1.67E-06,90,2.91,3.018
1.08,33.27,64.645,61.449,0.616,-1.34E-06,90,2.938,2.754
1.09,33.92,65.259,61.347,0.645,-9.75E-07,90,2.965,2.547
1.098,34.437,65.743,61.265,0.669,-6.52E-07,90,2.984,2.426
1.108,35.098,66.353,60.653,0.699,-2.04E-07,90,3.008,2.298
1.118,35.764,66.956,60.037,0.729,2.871e-7,90,3.031,2.237
1.128,36.437,67.554,59.419,0.759,8.202e-7,90,3.053,2.244
1.138,37.116,68.145,58.798,0.79,1.392e-6,90,3.076,2.316
1.148,37.8,68.73,58.173,0.821,1.998e-6,90,3.1,2.451
1.158,38.49,69.308,57.546,0.852,2.637e-6,90,3.125,2.634
1.168,39.186,69.881,56.916,0.883,3.304e-6,90,3.152,2.867
1.178,39.888,70.447,56.281,0.915,3.995e-6,90,3.182,3.148
1.188,40.595,71.006,55.643,0.947,4.708e-6,90,3.215,3.468
1.198,41.308,71.559,55.001,0.979,5.439e-6,90,3.252,3.818
1.2,41.451,71.669,54.873,0.986,5.587e-6,90,3.26,3.891
1.203,41.666,71.834,54.805,0.996,5.81e-6,90,3.271,4.011
1.207,41.99,72.08,54.704,1.01,6.147e-6,90,3.29,4.194
1.214,42.478,72.449,54.55,1.033,6.658e-6,90,3.319,4.472
1.224,43.205,72.993,54.319,1.066,7.421e-6,90,3.366,4.889
1.234,43.938,73.535,54.086,1.1,8.19e-6,90,3.417,5.304
1.244,44.676,74.075,53.851,1.134,8.963e-6,90,3.472,5.708
1.254,45.419,74.612,53.615,1.169,9.738e-6,90,3.531,6.083
1.264,46.168,75.147,53.382,1.205,1.052e-5,90,3.594,6.417
1.274,46.922,75.68,53.151,1.241,1.13e-5,89.999,3.659,6.709
1.284,47.682,76.21,52.923,1.278,1.209e-5,89.999,3.728,6.948
1.294,48.446,76.738,52.701,1.316,1.29e-5,89.999,3.798,7.128
1.3,48.888,77.041,52.576,1.338,1.337e-5,89.999,3.839,7.202
1.309,49.555,77.493,52.282,1.371,1.41e-5,89.999,3.902,7.272
1.319,50.332,78.014,51.948,1.411,1.496e-5,89.999,3.974,7.286
1.329,51.115,78.532,51.621,1.451,1.587e-5,89.999,4.047,7.227
1.339,51.903,79.047,51.302,1.491,1.681e-5,89.999,4.119,7.097
1.349,52.696,79.558,50.99,1.533,1.78e-5,89.999,4.189,6.897
1.359,53.494,80.067,50.687,1.575,1.884e-5,89.999,4.256,6.589
1.369,54.297,80.572,50.389,1.618,1.995e-5,89.999,4.32,6.219
1.379,55.106,81.074,50.094,1.662,2.112e-5,89.999,4.381,5.807
1.389,55.919,81.574,49.799,1.706,2.236e-5,89.999,4.436,5.365
1.399,56.737,82.07,49.503,1.75,2.368e-5,89.999,4.488,4.907
1.4,56.85,82.138,49.463,1.757,2.387e-5,89.999,4.494,4.843
1.402,57.02,82.24,49.308,1.766,2.415e-5,89.999,4.504,4.748
1.405,57.274,82.393,49.075,1.78,2.458e-5,89.999,4.519,4.604
1.41,57.657,82.619,48.726,1.801,2.524e-5,89.999,4.54,4.39
1.417,58.233,82.957,48.202,1.832,2.626e-5,89.999,4.569,4.074
1.427,59.065,83.435,47.446,1.878,2.777e-5,89.999,4.608,3.638
1.437,59.902,83.906,46.687,1.925,2.936e-5,89.999,4.642,3.236
1.447,60.743,84.369,45.924,1.971,3.1e-5,89.999,4.673,2.879
1.457,61.589,84.824,45.156,2.018,3.271e-5,89.999,4.7,2.593
1.467,62.44,85.272,44.385,2.065,3.447e-5,89.999,4.725,2.377
1.477,63.295,85.712,43.609,2.113,3.628e-5,89.999,4.748,2.229
1.487,64.154,86.144,42.83,2.16,3.816e-5,89.999,4.769,2.153
1.497,65.018,86.568,42.047,2.208,4.009e-5,89.999,4.791,2.148
1.5,65.299,86.704,41.793,2.223,4.073e-5,89.999,4.798,2.162
1.505,65.721,86.907,41.54,2.247,4.17e-5,89.999,4.809,2.208
1.512,66.356,87.209,41.159,2.282,4.318e-5,89.999,4.825,2.305
1.522,67.23,87.618,40.633,2.33,4.526e-5,89.999,4.849,2.489
1.532,68.108,88.021,40.104,2.379,4.74e-5,89.999,4.875,2.722
1.542,68.99,88.42,39.572,2.428,4.96e-5,89.999,4.903,2.996
1.552,69.876,88.813,39.038,2.477,5.184e-5,89.999,4.935,3.275
1.562,70.767,89.2,38.508,2.527,5.414e-5,89.999,4.969,3.496
1.572,71.66,89.583,37.976,2.576,5.649e-5,89.999,5.005,3.725
1.582,72.558,89.96,37.444,2.627,5.89e-5,89.999,5.043,3.951
1.592,73.46,90.332,36.912,2.677,6.136e-5,89.999,5.084,4.166
1.6,74.169,90.62,36.496,2.717,6.333e-5,89.999,5.117,4.321
1.61,75.077,90.981,35.762,2.769,6.589e-5,89.999,5.162,4.556
1.62,75.989,91.335,35.031,2.821,6.852e-5,89.999,5.208,4.751
1.63,76.904,91.681,34.305,2.873,7.121e-5,89.999,5.256,4.897
1.64,77.822,92.021,33.585,2.926,7.395e-5,89.999,5.306,4.986
1.65,78.744,92.353,32.871,2.979,7.676e-5,89.999,5.356,5.012
1.66,79.669,92.678,32.165,3.033,7.963e-5,89.998,5.406,4.977
1.67,80.598,92.997,31.465,3.087,8.255e-5,89.998,5.455,4.877
1.68,81.529,93.308,30.773,3.142,8.554e-5,89.998,5.503,4.713
1.69,82.464,93.612,30.086,3.197,8.859e-5,89.998,5.549,4.492
1.7,83.402,93.909,29.405,3.253,9.169e-5,89.998,5.593,4.222
1.71,84.342,94.2,28.698,3.309,9.486e-5,89.998,5.634,3.913
1.72,85.286,94.483,27.993,3.366,9.808e-5,89.998,5.671,3.576
1.73,86.232,94.76,27.29,3.422,1.014e-4,89.998,5.705,3.224
1.74,87.181,95.029,26.586,3.48,1.047e-4,89.998,5.736,2.869
1.75,88.132,95.292,25.883,3.537,1.082e-4,89.998,5.762,2.523
1.76,89.086,95.547,25.176,3.595,1.117e-4,89.998,5.786,2.221
1.77,90.043,95.795,24.467,3.653,1.153e-4,89.998,5.807,1.951
1.78,91.002,96.036,23.755,3.711,1.19e-4,89.998,5.825,1.721
1.79,91.964,96.27,23.041,3.769,1.228e-4,89.998,5.842,1.539
1.8,92.928,96.497,22.325,3.828,1.267e-4,89.998,5.856,1.41
1.802,93.121,96.542,22.182,3.84,1.275e-4,89.998,5.859,1.38
1.805,93.411,96.608,22.111,3.857,1.286e-4,89.998,5.863,1.35
1.81,93.845,96.707,22.004,3.883,1.304e-4,89.998,5.869,1.315
1.816,94.499,96.855,21.842,3.923,1.332e-4,89.998,5.878,1.285
1.826,95.468,97.072,21.599,3.982,1.373e-4,89.998,5.891,1.288
1.836,96.44,97.287,21.353,4.041,1.416e-4,89.998,5.904,1.348
1.846,97.414,97.499,21.104,4.1,1.459e-4,89.998,5.918,1.46
1.856,98.39,97.709,20.854,4.159,1.503e-4,89.998,5.933,1.572
1.866,99.368,97.917,20.603,4.219,1.548e-4,89.998,5.949,1.698
1.876,100.348,98.121,20.35,4.278,1.593e-4,89.998,5.967,1.856
1.886,101.331,98.324,20.095,4.338,1.639e-4,89.998,5.987,2.04
1.896,102.315,98.523,19.838,4.398,1.684e-4,89.998,6.008,2.238
1.9,102.685,98.597,19.742,4.421,1.702e-4,89.998,6.017,2.315
1.906,103.239,98.708,19.42,4.454,1.727e-4,89.998,6.03,2.45
1.914,104.073,98.869,18.938,4.505,1.766e-4,89.998,6.051,2.647
1.924,105.063,99.056,18.368,4.566,1.811e-4,89.998,6.079,2.865
1.934,106.054,99.237,17.8,4.627,1.857e-4,89.998,6.109,3.051
1.944,107.047,99.412,17.237,4.688,1.902e-4,89.998,6.14,3.197
1.954,108.042,99.581,16.679,4.75,1.946e-4,89.998,6.172,3.302
1.964,109.039,99.746,16.125,4.812,1.991e-4,89.998,6.206,3.363
1.974,110.037,99.904,15.578,4.874,2.034e-4,89.998,6.239,3.363
1.984,111.037,100.057,15.038,4.937,2.078e-4,89.998,6.273,3.302
1.994,112.038,100.205,14.505,4.999,2.121e-4,89.998,6.305,3.182
2,112.634,100.29,14.191,5.037,2.147e-4,89.998,6.324,3.084
2.009,113.527,100.414,13.768,5.093,2.185e-4,89.998,6.351,2.992
2.019,114.532,100.55,13.297,5.157,2.228e-4,89.998,6.38,2.843
2.029,115.538,100.68,12.831,5.221,2.272e-4,89.998,6.408,2.652
2.039,116.546,100.806,12.369,5.285,2.315e-4,89.997,6.433,2.426
2.049,117.554,100.928,11.91,5.35,2.36e-4,89.997,6.456,2.176
2.059,118.564,101.045,11.458,5.414,2.404e-4,89.997,6.476,1.83
2.069,119.575,101.157,11.006,5.479,2.45e-4,89.997,6.493,1.478
2.079,120.587,101.265,10.553,5.544,2.496e-4,89.997,6.506,1.144
2.089,121.601,101.368,10.097,5.609,2.544e-4,89.997,6.516,0.843
2.099,122.615,101.467,9.638,5.674,2.593e-4,89.997,6.523,0.588
2.1,122.726,101.477,9.587,5.682,2.598e-4,89.997,6.524,0.563
2.102,122.892,101.493,9.347,5.692,2.606e-4,89.997,6.524,0.517
2.104,123.142,101.515,8.987,5.708,2.619e-4,89.997,6.526,0.451
2.108,123.517,101.548,8.446,5.732,2.638e-4,89.997,6.527,0.358
2.113,124.079,101.592,7.634,5.769,2.666e-4,89.997,6.529,0.236
2.122,124.923,101.65,6.416,5.823,2.709e-4,89.997,6.53,0.09
2.132,125.94,101.707,4.947,5.888,2.763e-4,89.997,6.53,0.025
2.142,126.957,101.749,3.477,5.953,2.818e-4,89.997,6.53,0.077
2.152,127.975,101.777,2.006,6.019,2.875e-4,89.997,6.529,0.074
2.162,128.993,101.789,0.535,6.084,2.932e-4,89.997,6.528,0.039
2.172,130.011,101.787,-0.936,6.149,2.991e-4,89.997,6.528,0.036
2.182,131.029,101.771,-2.407,6.215,3.051e-4,89.997,6.529,0.138
2.192,132.046,101.739,-3.876,6.28,3.111e-4,89.997,6.531,0.256
2.202,133.1,101.691,-5.398,6.348,3.174e-4,89.997,6.534,0.389
2.212,134.117,101.631,-6.689,6.413,3.234e-4,89.997,6.539,0.555
2.222,135.133,101.557,-7.976,6.478,3.295e-4,89.997,6.545,0.697
2.232,136.148,101.471,-9.258,6.544,3.355e-4,89.997,6.553,0.803
2.242,137.162,101.372,-10.533,6.609,3.415e-4,89.997,6.561,0.862
2.252,138.175,101.261,-11.801,6.675,3.475e-4,89.997,6.57,0.862
2.262,139.187,101.136,-13.058,6.741,3.535e-4,89.997,6.578,0.782
2.272,140.198,101,-14.308,6.807,3.594e-4,89.997,6.585,0.647
2.282,141.207,100.85,-15.55,6.872,3.654e-4,89.997,6.591,0.461
2.292,142.215,100.689,-16.785,6.938,3.714e-4,89.997,6.595,0.23
2.298,142.819,100.586,-17.523,6.978,3.75e-4,89.997,6.595,0.073
2.307,143.723,100.427,-17.759,7.037,3.804e-4,89.997,6.595,0.08
2.317,144.727,100.248,-18.019,7.103,3.865e-4,89.997,6.594,0.266
2.327,145.728,100.066,-18.277,7.169,3.927e-4,89.997,6.59,0.467
2.337,146.728,99.882,-18.535,7.235,3.99e-4,89.997,6.584,0.674
2.347,147.726,99.696,-18.794,7.301,4.054e-4,89.997,6.577,0.878
2.357,148.722,99.507,-19.05,7.367,4.118e-4,89.997,6.567,1.118
2.367,149.716,99.315,-19.306,7.432,4.183e-4,89.997,6.554,1.356
2.377,150.708,99.12,-19.565,7.498,4.248e-4,89.997,6.54,1.561
2.387,151.699,98.923,-19.827,7.563,4.314e-4,89.997,6.523,1.725
2.397,152.687,98.724,-20.091,7.628,4.38e-4,89.997,6.505,1.842
2.398,152.786,98.704,-20.118,7.635,4.387e-4,89.997,6.504,1.851
2.4,152.934,98.674,-20.111,7.644,4.397e-4,89.997,6.501,1.86
2.402,153.156,98.628,-20.1,7.659,4.412e-4,89.997,6.497,1.87
2.405,153.488,98.561,-20.084,7.681,4.434e-4,89.997,6.49,1.879
2.41,153.987,98.459,-20.062,7.714,4.468e-4,89.997,6.481,1.882
2.418,154.734,98.307,-20.03,7.763,4.518e-4,89.997,6.466,1.862
2.428,155.716,98.107,-19.99,7.828,4.584e-4,89.997,6.448,1.796
2.438,156.696,97.907,-19.954,7.892,4.649e-4,89.997,6.431,1.688
2.448,157.674,97.708,-19.921,7.956,4.715e-4,89.997,6.414,1.544
2.458,158.65,97.508,-19.891,8.02,4.78e-4,89.997,6.4,1.362
2.468,159.624,97.31,-19.863,8.084,4.845e-4,89.997,6.387,1.161
2.478,160.597,97.111,-19.837,8.148,4.91e-4,89.997,6.377,0.951
2.488,161.567,96.913,-19.812,8.212,4.974e-4,89.997,6.368,0.744
2.498,162.535,96.715,-19.786,8.275,5.038e-4,89.997,6.362,0.548
2.508,163.501,96.517,-19.76,8.339,5.103e-4,89.996,6.357,0.366
2.518,164.465,96.32,-19.732,8.402,5.167e-4,89.996,6.354,0.21
2.528,165.427,96.123,-19.702,8.466,5.232e-4,89.996,6.353,0.088
2.538,166.388,95.926,-19.668,8.53,5.297e-4,89.996,6.353,0.003
2.548,167.346,95.729,-19.631,8.593,5.363e-4,89.996,6.353,0.041
2.558,168.302,95.533,-19.586,8.657,5.429e-4,89.996,6.353,0.002
2.568,169.257,95.338,-19.537,8.72,5.496e-4,89.996,6.353,0.087
2.578,170.209,95.142,-19.485,8.784,5.564e-4,89.996,6.351,0.206
2.588,171.159,94.948,-19.43,8.847,5.634e-4,89.996,6.348,0.35
2.598,172.108,94.754,-19.375,8.911,5.704e-4,89.996,6.344,0.512
2.608,173.055,94.56,-19.319,8.974,5.775e-4,89.996,6.338,0.69
2.618,173.999,94.367,-19.263,9.037,5.848e-4,89.996,6.33,0.871
2.628,174.942,94.175,-19.208,9.101,5.922e-4,89.996,6.321,1.045
2.638,175.883,93.983,-19.155,9.164,5.997e-4,89.996,6.309,1.207
2.648,176.822,93.792,-19.103,9.227,6.074e-4,89.996,6.297,1.348
2.658,177.758,93.601,-19.057,9.29,6.151e-4,89.996,6.283,1.43
2.668,178.694,93.411,-19.014,9.352,6.23e-4,89.996,6.268,1.475
2.678,179.627,93.221,-18.974,9.415,6.309e-4,89.996,6.253,1.49
2.688,180.558,93.031,-18.935,9.478,6.389e-4,89.996,6.238,1.477
2.698,181.487,92.842,-18.899,9.54,6.469e-4,89.996,6.224,1.437
2.708,182.415,92.653,-18.865,9.602,6.55e-4,89.996,6.21,1.385
2.718,183.34,92.465,-18.832,9.664,6.631e-4,89.996,6.196,1.315
2.728,184.264,92.277,-18.801,9.726,6.711e-4,89.996,6.183,1.226
2.738,185.186,92.089,-18.771,9.788,6.791e-4,89.996,6.172,1.123
2.748,186.106,91.901,-18.742,9.849,6.871e-4,89.996,6.161,1.011
2.758,187.024,91.714,-18.719,9.911,6.95e-4,89.996,6.152,0.845
2.768,187.94,91.527,-18.696,9.972,7.029e-4,89.996,6.144,0.669
2.778,188.855,91.34,-18.674,10.034,7.108e-4,89.996,6.138,0.504
2.788,189.767,91.153,-18.65,10.095,7.186e-4,89.996,6.134,0.355
2.798,190.678,90.967,-18.625,10.156,7.264e-4,89.996,6.131,0.228
2.808,191.586,90.781,-18.595,10.218,7.343e-4,89.996,6.129,0.148
2.818,192.493,90.595,-18.563,10.279,7.421e-4,89.996,6.128,0.103
2.828,193.398,90.41,-18.528,10.34,7.5e-4,89.996,6.127,0.087
2.838,194.301,90.225,-18.489,10.402,7.58e-4,89.996,6.126,0.1
2.848,195.203,90.04,-18.449,10.463,7.661e-4,89.996,6.125,0.14
2.858,196.102,89.856,-18.406,10.524,7.743e-4,89.996,6.123,0.201
2.868,197,89.672,-18.361,10.585,7.826e-4,89.996,6.121,0.284
2.878,197.896,89.488,-18.315,10.647,7.91e-4,89.996,6.118,0.383
2.888,198.79,89.306,-18.268,10.708,7.996e-4,89.996,6.113,0.495
2.898,199.682,89.123,-18.22,10.769,8.082e-4,89.996,6.108,0.615
2.908,200.572,88.941,-18.172,10.83,8.171e-4,89.996,6.101,0.755
2.918,201.461,88.76,-18.124,10.891,8.26e-4,89.996,6.093,0.895
2.928,202.347,88.579,-18.077,10.952,8.351e-4,89.996,6.083,1.028
2.938,203.232,88.398,-18.031,11.012,8.443e-4,89.996,6.072,1.147
2.948,204.115,88.218,-17.988,11.073,8.537e-4,89.996,6.06,1.249
2.958,204.996,88.038,-17.945,11.134,8.631e-4,89.996,6.047,1.345
2.968,205.876,87.859,-17.904,11.194,8.726e-4,89.996,6.033,1.421
2.978,206.754,87.68,-17.866,11.254,8.822e-4,89.996,6.019,1.469
2.988,207.63,87.502,-17.83,11.314,8.918e-4,89.995,6.004,1.49
2.998,208.504,87.324,-17.796,11.374,9.014e-4,89.995,5.989,1.482
3.008,209.376,87.146,-17.769,11.434,9.11e-4,89.995,5.975,1.391
3.018,210.247,86.968,-17.745,11.494,9.206e-4,89.995,5.961,1.264
3.028,211.115,86.791,-17.723,11.553,9.302e-4,89.995,5.949,1.12
3.038,211.982,86.614,-17.702,11.613,9.396e-4,89.995,5.939,0.967
3.048,212.848,86.437,-17.682,11.672,9.49e-4,89.995,5.93,0.809
3.058,213.711,86.26,-17.661,11.732,9.583e-4,89.995,5.923,0.668
3.068,214.573,86.084,-17.639,11.791,9.675e-4,89.995,5.917,0.538
3.078,215.433,85.907,-17.618,11.85,9.767e-4,89.995,5.912,0.417
3.088,216.291,85.731,-17.595,11.909,9.857e-4,89.995,5.908,0.311
3.098,217.147,85.555,-17.57,11.968,9.947e-4,89.995,5.906,0.222
3.108,218.002,85.38,-17.541,12.027,0.001,89.995,5.904,0.197
3.118,218.855,85.205,-17.508,12.086,0.001,89.995,5.902,0.204
3.128,219.706,85.03,-17.473,12.145,0.001,89.995,5.9,0.229
3.138,220.556,84.855,-17.437,12.204,0.001,89.995,5.897,0.272
3.148,221.403,84.681,-17.399,12.263,0.001,89.995,5.894,0.329
3.158,222.249,84.507,-17.365,12.322,0.001,89.995,5.891,0.343
3.168,223.094,84.334,-17.331,12.381,0.001,89.995,5.887,0.356
3.178,223.936,84.161,-17.297,12.44,0.001,89.995,5.884,0.38
3.188,224.777,83.988,-17.261,12.499,0.001,89.995,5.88,0.414
3.198,225.616,83.815,-17.225,12.557,0.001,89.995,5.875,0.458
3.208,226.453,83.643,-17.182,12.616,0.001,89.995,5.87,0.577
3.218,227.289,83.472,-17.138,12.675,0.001,89.995,5.864,0.716
3.228,228.122,83.301,-17.095,12.733,0.001,89.995,5.856,0.852
3.238,228.955,83.13,-17.052,12.792,0.001,89.995,5.847,0.979
3.248,229.785,82.96,-17.012,12.85,0.001,89.995,5.836,1.094
3.258,230.614,82.79,-16.975,12.909,0.001,89.995,5.825,1.165
3.268,231.441,82.62,-16.94,12.967,0.001,89.995,5.813,1.211
3.278,232.266,82.451,-16.907,13.025,0.001,89.995,5.801,1.238
3.288,233.09,82.282,-16.876,13.083,0.001,89.995,5.788,1.246
3.298,233.912,82.113,-16.847,13.141,0.001,89.995,5.776,1.236
3.308,234.732,81.945,-16.819,13.198,0.001,89.995,5.764,1.206
3.318,235.551,81.777,-16.793,13.256,0.001,89.995,5.752,1.159
3.328,236.368,81.609,-16.768,13.313,0.001,89.995,5.741,1.099
3.338,237.183,81.441,-16.745,13.371,0.001,89.995,5.73,1.026
3.348,237.997,81.274,-16.723,13.428,0.001,89.995,5.72,0.944
3.358,238.808,81.107,-16.704,13.485,0.001,89.995,5.711,0.818
3.368,239.619,80.94,-16.688,13.542,0.001,89.995,5.704,0.68
3.378,240.427,80.773,-16.671,13.599,0.001,89.995,5.698,0.545
3.388,241.234,80.607,-16.654,13.656,0.001,89.995,5.693,0.418
3.398,242.039,80.44,-16.637,13.713,0.001,89.995,5.689,0.301
3.408,242.843,80.274,-16.615,13.77,0.001,89.995,5.687,0.227
3.418,243.645,80.108,-16.592,13.827,0.001,89.995,5.685,0.177
3.428,244.445,79.942,-16.567,13.884,0.001,89.995,5.683,0.143
3.438,245.244,79.777,-16.54,13.94,0.001,89.994,5.682,0.127
3.448,246.041,79.611,-16.511,13.997,0.001,89.994,5.68,0.127
3.458,246.836,79.446,-16.481,14.054,0.001,89.994,5.679,0.145
3.468,247.63,79.282,-16.449,14.111,0.001,89.994,5.677,0.179
3.478,248.422,79.117,-16.416,14.168,0.001,89.994,5.675,0.227
3.488,249.212,78.953,-16.381,14.224,0.001,89.994,5.673,0.287
3.498,250.001,78.79,-16.346,14.281,0.001,89.994,5.67,0.356
3.508,250.788,78.626,-16.311,14.338,0.001,89.994,5.666,0.418
3.518,251.573,78.464,-16.277,14.394,0.001,89.994,5.661,0.481
3.528,252.357,78.301,-16.242,14.451,0.001,89.994,5.656,0.547
3.538,253.139,78.139,-16.208,14.507,0.001,89.994,5.65,0.615
3.548,253.92,77.977,-16.174,14.564,0.001,89.994,5.644,0.681
3.558,254.699,77.815,-16.138,14.62,0.001,89.994,5.637,0.767
3.568,255.476,77.654,-16.103,14.677,0.001,89.994,5.629,0.854
3.578,256.252,77.493,-16.068,14.733,0.001,89.994,5.62,0.932
3.588,257.026,77.333,-16.035,14.789,0.001,89.994,5.61,1
3.598,257.798,77.172,-16.003,14.845,0.002,89.994,5.6,1.055
3.608,258.569,77.013,-15.977,14.901,0.002,89.994,5.589,1.044
3.618,259.339,76.853,-15.954,14.957,0.002,89.994,5.579,1.007
3.628,260.106,76.693,-15.931,15.013,0.002,89.994,5.569,0.958
3.638,260.873,76.534,-15.909,15.068,0.002,89.994,5.56,0.901
3.648,261.637,76.375,-15.888,15.124,0.002,89.994,5.551,0.837
3.658,262.4,76.217,-15.863,15.179,0.002,89.994,5.543,0.82
3.668,263.161,76.058,-15.838,15.235,0.002,89.994,5.535,0.813
3.678,263.921,75.9,-15.813,15.29,0.002,89.994,5.526,0.799
3.688,264.679,75.742,-15.789,15.345,0.002,89.994,5.519,0.781
3.698,265.436,75.584,-15.765,15.4,0.002,89.994,5.511,0.758
3.708,266.191,75.426,-15.742,15.455,0.002,89.994,5.503,0.73
3.718,266.945,75.269,-15.72,15.51,0.002,89.994,5.496,0.699
3.728,267.696,75.112,-15.698,15.565,0.002,89.994,5.489,0.665
3.738,268.447,74.955,-15.675,15.62,0.002,89.994,5.483,0.631
3.748,269.196,74.799,-15.654,15.675,0.002,89.994,5.477,0.597
3.758,269.943,74.642,-15.634,15.73,0.002,89.994,5.471,0.537
3.768,270.688,74.486,-15.615,15.784,0.002,89.994,5.466,0.472
3.778,271.433,74.33,-15.596,15.839,0.002,89.994,5.462,0.412
3.788,272.175,74.174,-15.577,15.894,0.002,89.994,5.458,0.358
3.798,272.916,74.018,-15.556,15.948,0.002,89.994,5.455,0.312
3.808,273.655,73.863,-15.531,16.003,0.002,89.994,5.451,0.324
3.818,274.393,73.708,-15.503,16.057,0.002,89.994,5.448,0.357
3.828,275.13,73.553,-15.475,16.112,0.002,89.994,5.444,0.395
3.838,275.864,73.398,-15.446,16.166,0.002,89.994,5.44,0.438
3.848,276.598,73.244,-15.418,16.22,0.002,89.994,5.435,0.484
3.858,277.329,73.09,-15.392,16.275,0.002,89.994,5.431,0.492
3.868,278.059,72.936,-15.368,16.329,0.002,89.994,5.426,0.492
3.878,278.788,72.782,-15.344,16.383,0.002,89.994,5.421,0.493
3.888,279.515,72.629,-15.319,16.438,0.002,89.994,5.416,0.497
3.898,280.24,72.476,-15.294,16.492,0.002,89.994,5.411,0.503
3.908,280.964,72.323,-15.267,16.546,0.002,89.993,5.406,0.536
3.918,281.687,72.171,-15.24,16.6,0.002,89.993,5.4,0.576
3.928,282.408,72.018,-15.212,16.654,0.002,89.993,5.394,0.615
3.938,283.127,71.866,-15.185,16.708,0.002,89.993,5.388,0.652
3.948,283.845,71.715,-15.158,16.761,0.002,89.993,5.381,0.686
3.958,284.562,71.563,-15.133,16.815,0.002,89.993,5.374,0.706
3.968,285.276,71.412,-15.108,16.869,0.002,89.993,5.367,0.718
3.978,285.99,71.261,-15.084,16.923,0.002,89.993,5.36,0.727
3.988,286.702,71.11,-15.061,16.976,0.002,89.993,5.352,0.731
3.998,287.412,70.96,-15.038,17.03,0.002,89.993,5.345,0.731
4.008,288.121,70.81,-15.017,17.083,0.002,89.993,5.338,0.705
4.018,288.828,70.66,-14.998,17.136,0.002,89.993,5.331,0.67
4.028,289.534,70.51,-14.979,17.19,0.002,89.993,5.325,0.632
4.038,290.238,70.36,-14.96,17.243,0.002,89.993,5.318,0.594
4.048,290.941,70.21,-14.941,17.296,0.002,89.993,5.313,0.555
4.058,291.643,70.061,-14.919,17.349,0.002,89.993,5.307,0.547
4.068,292.343,69.912,-14.897,17.402,0.002,89.993,5.302,0.548
4.078,293.041,69.763,-14.875,17.455,0.002,89.993,5.296,0.549
4.088,293.738,69.615,-14.853,17.508,0.002,89.993,5.291,0.55
4.098,294.433,69.466,-14.831,17.561,0.002,89.993,5.285,0.551
4.108,295.127,69.318,-14.812,17.614,0.002,89.993,5.28,0.513
4.118,295.82,69.17,-14.795,17.667,0.002,89.993,5.275,0.466
4.128,296.511,69.022,-14.778,17.719,0.002,89.993,5.271,0.422
4.138,297.2,68.874,-14.76,17.772,0.002,89.993,5.266,0.381
4.148,297.888,68.727,-14.742,17.825,0.002,89.993,5.263,0.345
4.158,298.575,68.58,-14.721,17.877,0.002,89.993,5.259,0.334
4.168,299.26,68.432,-14.7,17.93,0.002,89.993,5.256,0.332
4.178,299.943,68.286,-14.678,17.982,0.002,89.993,5.253,0.336
4.188,300.625,68.139,-14.655,18.035,0.002,89.993,5.249,0.344
4.198,301.306,67.992,-14.633,18.087,0.002,89.993,5.246,0.356
4.208,301.985,67.846,-14.612,18.14,0.002,89.993,5.242,0.348
4.218,302.663,67.7,-14.591,18.192,0.002,89.993,5.239,0.338
4.228,303.339,67.554,-14.57,18.245,0.002,89.993,5.236,0.332
4.238,304.014,67.409,-14.549,18.297,0.002,89.993,5.232,0.331
4.248,304.687,67.263,-14.527,18.349,0.002,89.993,5.229,0.333
4.258,305.359,67.118,-14.503,18.402,0.002,89.993,5.226,0.361
4.268,306.03,66.973,-14.478,18.454,0.002,89.993,5.222,0.397
4.278,306.699,66.829,-14.454,18.506,0.002,89.993,5.218,0.434
4.288,307.366,66.684,-14.429,18.558,0.002,89.993,5.213,0.473
4.298,308.032,66.54,-14.404,18.61,0.002,89.993,5.208,0.511
4.308,308.697,66.396,-14.378,18.662,0.002,89.993,5.203,0.559
4.318,309.36,66.253,-14.353,18.714,0.002,89.993,5.197,0.609
4.328,310.022,66.109,-14.328,18.766,0.002,89.993,5.191,0.656
4.338,310.682,65.966,-14.303,18.818,0.002,89.993,5.184,0.698
4.348,311.341,65.823,-14.279,18.87,0.002,89.993,5.177,0.734
4.358,311.999,65.68,-14.259,18.922,0.002,89.993,5.169,0.732
4.368,312.655,65.538,-14.241,18.973,0.002,89.992,5.162,0.715
4.378,313.31,65.396,-14.223,19.025,0.003,89.992,5.155,0.694
4.388,313.963,65.253,-14.205,19.076,0.003,89.992,5.148,0.668
4.398,314.615,65.111,-14.188,19.128,0.003,89.992,5.142,0.64
4.408,315.265,64.97,-14.167,19.179,0.003,89.992,5.135,0.654
4.418,315.914,64.828,-14.145,19.231,0.003,89.992,5.129,0.678
4.428,316.562,64.687,-14.123,19.282,0.003,89.992,5.122,0.698
4.438,317.208,64.546,-14.102,19.333,0.003,89.992,5.115,0.712
4.448,317.853,64.405,-14.082,19.384,0.003,89.992,5.107,0.722
4.458,318.496,64.264,-14.065,19.435,0.003,89.992,5.1,0.698
4.468,319.138,64.123,-14.049,19.486,0.003,89.992,5.094,0.663
4.478,319.778,63.983,-14.034,19.537,0.003,89.992,5.087,0.625
4.488,320.418,63.843,-14.019,19.588,0.003,89.992,5.081,0.584
4.498,321.055,63.703,-14.004,19.639,0.003,89.992,5.075,0.543
4.508,321.692,63.563,-13.989,19.689,0.003,89.992,5.07,0.505
4.518,322.327,63.423,-13.974,19.74,0.003,89.992,5.065,0.469
4.528,322.96,63.283,-13.959,19.791,0.003,89.992,5.061,0.433
4.538,323.592,63.144,-13.944,19.841,0.003,89.992,5.057,0.399
4.548,324.223,63.004,-13.929,19.892,0.003,89.992,5.053,0.367
4.558,324.852,62.865,-13.911,19.942,0.003,89.992,5.049,0.358
4.568,325.48,62.726,-13.893,19.993,0.003,89.992,5.046,0.356
4.578,326.107,62.587,-13.875,20.043,0.003,89.992,5.042,0.357
4.588,326.732,62.449,-13.856,20.094,0.003,89.992,5.039,0.359
4.598,327.356,62.31,-13.838,20.144,0.003,89.992,5.035,0.364
4.608,327.978,62.172,-13.82,20.194,0.003,89.992,5.031,0.362
4.618,328.599,62.034,-13.802,20.245,0.003,89.992,5.028,0.36
4.628,329.219,61.896,-13.784,20.295,0.003,89.992,5.024,0.36
4.638,329.837,61.758,-13.765,20.345,0.003,89.992,5.02,0.361
4.648,330.454,61.621,-13.747,20.395,0.003,89.992,5.017,0.365
4.658,331.07,61.483,-13.726,20.445,0.003,89.992,5.013,0.4
4.668,331.684,61.346,-13.703,20.496,0.003,89.992,5.009,0.444
4.678,332.297,61.209,-13.681,20.546,0.003,89.992,5.004,0.487
4.688,332.908,61.072,-13.659,20.596,0.003,89.992,4.999,0.529
4.698,333.518,60.936,-13.637,20.646,0.003,89.992,4.994,0.57
4.708,334.127,60.8,-13.618,20.695,0.003,89.992,4.988,0.577
4.718,334.734,60.664,-13.601,20.745,0.003,89.992,4.982,0.574
4.728,335.34,60.528,-13.584,20.795,0.003,89.992,4.976,0.569
4.738,335.945,60.392,-13.568,20.845,0.003,89.992,4.971,0.563
4.748,336.548,60.256,-13.551,20.895,0.003,89.992,4.965,0.554
4.758,337.15,60.121,-13.535,20.944,0.003,89.992,4.96,0.542
4.768,337.75,59.986,-13.52,20.994,0.003,89.992,4.954,0.528
4.778,338.349,59.85,-13.504,21.043,0.003,89.992,4.949,0.512
4.788,338.947,59.715,-13.489,21.093,0.003,89.992,4.944,0.496
4.798,339.544,59.581,-13.474,21.142,0.003,89.992,4.939,0.48
4.808,340.139,59.446,-13.456,21.191,0.003,89.992,4.934,0.492
4.818,340.733,59.312,-13.437,21.241,0.003,89.991,4.929,0.512
4.828,341.325,59.177,-13.418,21.29,0.003,89.991,4.924,0.531
4.838,341.916,59.043,-13.4,21.339,0.003,89.991,4.919,0.548
4.848,342.506,58.909,-13.381,21.388,0.003,89.991,4.913,0.563
4.858,343.094,58.776,-13.369,21.438,0.003,89.991,4.908,0.527
4.868,343.681,58.642,-13.358,21.487,0.003,89.991,4.903,0.475
4.878,344.267,58.508,-13.348,21.536,0.003,89.991,4.898,0.425
4.888,344.852,58.375,-13.337,21.585,0.003,89.991,4.894,0.375
4.898,345.435,58.242,-13.326,21.633,0.003,89.991,4.891,0.328
4.908,346.016,58.108,-13.318,21.682,0.003,89.991,4.888,0.264
4.918,346.597,57.975,-13.309,21.731,0.003,89.991,4.885,0.199
4.928,347.176,57.842,-13.3,21.78,0.003,89.991,4.884,0.138
4.938,347.754,57.709,-13.291,21.829,0.003,89.991,4.883,0.084
4.948,348.33,57.576,-13.281,21.878,0.003,89.991,4.882,0.036
4.958,348.905,57.444,-13.268,21.927,0.003,89.991,4.882,0.008
4.968,349.479,57.311,-13.254,21.975,0.003,89.991,4.882,0.008
4.978,350.051,57.179,-13.238,22.024,0.003,89.991,4.882,0.018
4.988,350.623,57.046,-13.222,22.073,0.003,89.991,4.882,0.02
4.998,351.192,56.914,-13.205,22.122,0.003,89.991,4.882,0.015
5.008,351.761,56.782,-13.184,22.171,0.003,89.991,4.882,0.027
5.018,352.328,56.65,-13.16,22.219,0.003,89.991,4.882,0.083
5.028,352.894,56.519,-13.137,22.268,0.003,89.991,4.881,0.144
5.038,353.458,56.388,-13.113,22.317,0.003,89.991,4.879,0.207
5.048,354.022,56.257,-13.089,22.366,0.004,89.991,4.876,0.271
5.058,354.584,56.126,-13.066,22.415,0.004,89.991,4.873,0.331
5.068,355.144,55.995,-13.043,22.463,0.004,89.991,4.87,0.389
5.078,355.703,55.865,-13.02,22.512,0.004,89.991,4.866,0.447
5.088,356.261,55.735,-12.998,22.561,0.004,89.991,4.861,0.502
5.098,356.818,55.605,-12.977,22.609,0.004,89.991,4.856,0.555
5.108,357.374,55.475,-12.957,22.658,0.004,89.991,4.85,0.592
5.118,357.928,55.346,-12.938,22.706,0.004,89.991,4.844,0.622
5.128,358.48,55.217,-12.92,22.755,0.004,89.991,4.837,0.648
5.138,359.032,55.088,-12.902,22.803,0.004,89.991,4.831,0.67
5.148,359.582,54.959,-12.885,22.851,0.004,89.991,4.824,0.687
5.158,360.131,54.83,-12.869,22.899,0.004,89.991,4.817,0.699
5.168,360.679,54.701,-12.853,22.948,0.004,89.991,4.81,0.705
5.178,361.225,54.573,-12.838,22.996,0.004,89.991,4.803,0.707
5.188,361.77,54.445,-12.823,23.044,0.004,89.991,4.796,0.704
5.198,362.314,54.316,-12.809,23.092,0.004,89.991,4.789,0.697
5.208,362.857,54.188,-12.794,23.139,0.004,89.991,4.782,0.696
5.218,363.398,54.06,-12.78,23.187,0.004,89.991,4.775,0.695
5.228,363.938,53.933,-12.766,23.235,0.004,89.991,4.768,0.688
5.238,364.476,53.805,-12.752,23.283,0.004,89.991,4.761,0.678
5.248,365.014,53.678,-12.739,23.33,0.004,89.991,4.754,0.663
5.258,365.55,53.55,-12.725,23.378,0.004,89.991,4.748,0.659
5.268,366.085,53.423,-12.712,23.425,0.004,89.991,4.741,0.656
5.278,366.618,53.296,-12.698,23.472,0.004,89.991,4.735,0.649
5.288,367.151,53.169,-12.685,23.52,0.004,89.99,4.728,0.638
5.298,367.682,53.042,-12.673,23.567,0.004,89.99,4.722,0.624
5.308,368.212,52.916,-12.661,23.614,0.004,89.99,4.716,0.602
5.318,368.74,52.789,-12.65,23.661,0.004,89.99,4.71,0.576
5.328,369.267,52.663,-12.639,23.708,0.004,89.99,4.704,0.549
5.338,369.793,52.536,-12.629,23.755,0.004,89.99,4.699,0.52
5.348,370.318,52.41,-12.618,23.802,0.004,89.99,4.694,0.489
5.358,370.842,52.284,-12.61,23.849,0.004,89.99,4.689,0.446
5.368,371.364,52.158,-12.602,23.896,0.004,89.99,4.685,0.4
5.378,371.885,52.032,-12.594,23.943,0.004,89.99,4.681,0.354
5.388,372.405,51.906,-12.586,23.99,0.004,89.99,4.678,0.31
5.398,372.923,51.78,-12.578,24.037,0.004,89.99,4.675,0.267
5.408,373.44,51.655,-12.57,24.083,0.004,89.99,4.673,0.226
5.418,373.956,51.529,-12.561,24.13,0.004,89.99,4.671,0.189
5.428,374.471,51.403,-12.553,24.177,0.004,89.99,4.669,0.154
5.438,374.984,51.278,-12.544,24.223,0.004,89.99,4.667,0.123
5.448,375.496,51.152,-12.534,24.27,0.004,89.99,4.666,0.095
5.458,376.007,51.027,-12.524,24.317,0.004,89.99,4.666,0.07
5.468,376.517,50.902,-12.514,24.363,0.004,89.99,4.665,0.049
5.478,377.025,50.777,-12.503,24.41,0.004,89.99,4.665,0.032
5.488,377.532,50.652,-12.492,24.457,0.004,89.99,4.664,0.019
5.498,378.038,50.527,-12.48,24.503,0.004,89.99,4.664,0.011
5.508,378.543,50.402,-12.467,24.55,0.004,89.99,4.664,0.006
5.518,379.046,50.278,-12.454,24.597,0.004,89.99,4.664,0.004
5.528,379.548,50.153,-12.441,24.643,0.004,89.99,4.664,0.007
5.538,380.049,50.029,-12.427,24.69,0.004,89.99,4.664,0.014
5.548,380.549,49.905,-12.412,24.737,0.004,89.99,4.664,0.025
5.558,381.047,49.781,-12.398,24.783,0.004,89.99,4.663,0.026
5.568,381.545,49.657,-12.385,24.83,0.004,89.99,4.663,0.027
5.578,382.041,49.533,-12.371,24.876,0.004,89.99,4.663,0.031
5.588,382.535,49.409,-12.356,24.923,0.004,89.99,4.663,0.039
5.598,383.029,49.286,-12.341,24.97,0.004,89.99,4.662,0.051
5.608,383.521,49.163,-12.323,25.016,0.004,89.99,4.661,0.09
5.618,384.012,49.039,-12.303,25.063,0.004,89.99,4.66,0.139
5.628,384.502,48.916,-12.283,25.11,0.004,89.99,4.659,0.189
5.638,384.99,48.794,-12.264,25.156,0.005,89.99,4.657,0.24
5.648,385.478,48.671,-12.244,25.203,0.005,89.99,4.654,0.291
5.658,385.964,48.549,-12.225,25.249,0.005,89.99,4.651,0.336
5.668,386.449,48.427,-12.207,25.296,0.005,89.99,4.647,0.379
5.678,386.932,48.305,-12.189,25.342,0.005,89.99,4.643,0.421
5.688,387.415,48.183,-12.172,25.389,0.005,89.99,4.639,0.461
5.698,387.896,48.061,-12.154,25.435,0.005,89.99,4.634,0.5
5.708,388.376,47.94,-12.137,25.481,0.005,89.99,4.629,0.539
5.718,388.855,47.819,-12.121,25.527,0.005,89.99,4.623,0.576
5.728,389.332,47.697,-12.104,25.574,0.005,89.99,4.617,0.611
5.738,389.809,47.576,-12.088,25.62,0.005,89.99,4.611,0.641
5.748,390.284,47.456,-12.073,25.666,0.005,89.99,4.604,0.667
5.758,390.758,47.335,-12.058,25.712,0.005,89.989,4.598,0.697
5.768,391.231,47.214,-12.043,25.758,0.005,89.989,4.59,0.724
5.778,391.702,47.094,-12.028,25.804,0.005,89.989,4.583,0.747
5.788,392.172,46.974,-12.014,25.849,0.005,89.989,4.576,0.764
5.798,392.642,46.854,-12.001,25.895,0.005,89.989,4.568,0.777
5.808,393.11,46.734,-11.988,25.941,0.005,89.989,4.56,0.785
5.818,393.576,46.614,-11.976,25.986,0.005,89.989,4.552,0.788
5.828,394.042,46.494,-11.965,26.032,0.005,89.989,4.544,0.787
5.838,394.506,46.375,-11.954,26.077,0.005,89.989,4.536,0.78
5.848,394.969,46.255,-11.943,26.123,0.005,89.989,4.529,0.769
5.858,395.431,46.136,-11.936,26.168,0.005,89.989,4.521,0.733
5.868,395.892,46.017,-11.929,26.213,0.005,89.989,4.514,0.687
5.878,396.352,45.897,-11.923,26.258,0.005,89.989,4.507,0.639
5.888,396.81,45.778,-11.918,26.303,0.005,89.989,4.501,0.588
5.898,397.267,45.659,-11.913,26.348,0.005,89.989,4.496,0.536
5.908,397.723,45.54,-11.907,26.393,0.005,89.989,4.491,0.49
5.918,398.178,45.421,-11.902,26.438,0.005,89.989,4.486,0.445
5.928,398.632,45.302,-11.897,26.483,0.005,89.989,4.482,0.4
5.938,399.084,45.183,-11.892,26.528,0.005,89.989,4.478,0.355
5.948,399.535,45.064,-11.887,26.572,0.005,89.989,4.475,0.311
5.958,399.985,44.945,-11.882,26.617,0.005,89.989,4.472,0.268
5.968,400.434,44.826,-11.877,26.662,0.005,89.989,4.469,0.225
5.978,400.882,44.708,-11.872,26.706,0.005,89.989,4.467,0.185
5.988,401.328,44.589,-11.867,26.751,0.005,89.989,4.465,0.146
5.998,401.774,44.47,-11.862,26.796,0.005,89.989,4.464,0.11
6.008,402.218,44.352,-11.856,26.84,0.005,89.989,4.463,0.073
6.018,402.661,44.233,-11.851,26.885,0.005,89.989,4.463,0.04
6.028,403.102,44.115,-11.845,26.93,0.005,89.989,4.462,0.009
6.038,403.543,43.996,-11.839,26.974,0.005,89.989,4.463,0.018
6.048,403.982,43.878,-11.832,27.019,0.005,89.989,4.463,0.042
6.058,404.42,43.76,-11.826,27.064,0.005,89.989,4.463,0.071
6.068,404.857,43.641,-11.82,27.108,0.005,89.989,4.464,0.099
6.078,405.293,43.523,-11.814,27.153,0.005,89.989,4.465,0.123
6.088,405.728,43.405,-11.806,27.198,0.005,89.989,4.467,0.143
6.098,406.161,43.287,-11.798,27.242,0.005,89.989,4.468,0.158
6.108,406.594,43.169,-11.788,27.287,0.005,89.989,4.47,0.159
6.118,407.025,43.051,-11.776,27.332,0.005,89.989,4.471,0.152
6.128,407.455,42.934,-11.764,27.376,0.005,89.989,4.473,0.141
6.138,407.883,42.816,-11.751,27.421,0.005,89.989,4.474,0.127
6.148,408.311,42.699,-11.737,27.466,0.005,89.989,4.475,0.109
6.158,408.737,42.581,-11.719,27.511,0.005,89.989,4.476,0.065
6.168,409.163,42.464,-11.7,27.555,0.005,89.989,4.477,0.012
6.178,409.587,42.347,-11.681,27.6,0.006,89.989,4.476,0.042
6.188,410.01,42.231,-11.662,27.645,0.006,89.989,4.476,0.098
6.198,410.431,42.114,-11.643,27.69,0.006,89.989,4.475,0.154
6.208,410.852,41.998,-11.628,27.734,0.006,89.989,4.473,0.18
6.218,411.271,41.881,-11.615,27.779,0.006,89.988,4.471,0.198
6.228,411.689,41.765,-11.601,27.824,0.006,89.988,4.469,0.216
6.238,412.107,41.649,-11.588,27.868,0.006,89.988,4.467,0.235
6.248,412.522,41.534,-11.575,27.913,0.006,89.988,4.464,0.254
6.258,412.937,41.418,-11.561,27.958,0.006,89.988,4.462,0.274
6.268,413.351,41.302,-11.548,28.002,0.006,89.988,4.459,0.295
6.278,413.763,41.187,-11.535,28.047,0.006,89.988,4.456,0.315
6.288,414.175,41.072,-11.522,28.091,0.006,89.988,4.452,0.334
6.298,414.585,40.957,-11.509,28.136,0.006,89.988,4.449,0.353
6.308,414.994,40.842,-11.496,28.18,0.006,89.988,4.445,0.373
6.318,415.402,40.727,-11.483,28.225,0.006,89.988,4.442,0.394
6.328,415.808,40.612,-11.47,28.269,0.006,89.988,4.437,0.413
6.338,416.214,40.497,-11.458,28.314,0.006,89.988,4.433,0.43
6.348,416.618,40.383,-11.446,28.358,0.006,89.988,4.429,0.446
6.358,417.021,40.268,-11.434,28.402,0.006,89.988,4.424,0.459
6.368,417.424,40.154,-11.423,28.446,0.006,89.988,4.42,0.47
6.378,417.825,40.04,-11.412,28.491,0.006,89.988,4.415,0.478
6.388,418.224,39.926,-11.402,28.535,0.006,89.988,4.41,0.485
6.398,418.623,39.812,-11.391,28.579,0.006,89.988,4.405,0.49
6.408,419.021,39.698,-11.381,28.623,0.006,89.988,4.4,0.496
6.418,419.417,39.584,-11.371,28.667,0.006,89.988,4.395,0.5
6.428,419.812,39.471,-11.361,28.711,0.006,89.988,4.39,0.503
6.438,420.206,39.357,-11.352,28.755,0.006,89.988,4.385,0.503
6.448,420.599,39.243,-11.342,28.798,0.006,89.988,4.38,0.502
6.458,420.991,39.13,-11.332,28.842,0.006,89.988,4.375,0.51
6.468,421.382,39.017,-11.321,28.886,0.006,89.988,4.37,0.52
6.478,421.772,38.904,-11.311,28.93,0.006,89.988,4.365,0.528
6.488,422.16,38.791,-11.301,28.973,0.006,89.988,4.36,0.534
6.498,422.547,38.678,-11.291,29.017,0.006,89.988,4.354,0.537
6.508,422.934,38.565,-11.284,29.06,0.006,89.988,4.349,0.528
6.518,423.319,38.452,-11.276,29.104,0.006,89.988,4.344,0.513
6.528,423.703,38.339,-11.269,29.147,0.006,89.988,4.339,0.497
6.538,424.085,38.227,-11.263,29.191,0.006,89.988,4.334,0.48
6.548,424.467,38.114,-11.256,29.234,0.006,89.988,4.329,0.461
6.558,424.848,38.001,-11.25,29.277,0.006,89.988,4.324,0.443
6.568,425.227,37.889,-11.243,29.32,0.006,89.988,4.32,0.424
6.578,425.606,37.777,-11.237,29.364,0.006,89.988,4.316,0.405
6.588,425.983,37.664,-11.231,29.407,0.006,89.988,4.312,0.385
6.598,426.359,37.552,-11.225,29.45,0.006,89.988,4.308,0.365
6.608,426.734,37.44,-11.218,29.493,0.006,89.988,4.305,0.354
6.618,427.108,37.328,-11.211,29.536,0.006,89.988,4.301,0.346
6.628,427.48,37.216,-11.203,29.579,0.006,89.988,4.298,0.337
6.638,427.852,37.104,-11.196,29.622,0.006,89.988,4.294,0.328
6.648,428.222,36.992,-11.189,29.665,0.006,89.988,4.291,0.319
6.658,428.592,36.88,-11.182,29.708,0.006,89.988,4.288,0.309
6.668,428.96,36.768,-11.175,29.75,0.006,89.988,4.285,0.298
6.678,429.327,36.656,-11.169,29.793,0.006,89.988,4.282,0.288
6.688,429.693,36.545,-11.162,29.836,0.007,89.987,4.279,0.278
6.698,430.058,36.433,-11.155,29.879,0.007,89.987,4.277,0.267
6.708,430.422,36.321,-11.152,29.922,0.007,89.987,4.274,0.239
6.718,430.784,36.21,-11.149,29.964,0.007,89.987,4.272,0.205
6.728,431.146,36.099,-11.146,30.007,0.007,89.987,4.27,0.173
6.738,431.506,35.987,-11.143,30.05,0.007,89.987,4.268,0.141
6.748,431.866,35.876,-11.14,30.092,0.007,89.987,4.267,0.11
6.758,432.224,35.764,-11.133,30.135,0.007,89.987,4.266,0.104
6.768,432.581,35.653,-11.125,30.178,0.007,89.987,4.265,0.105
6.778,432.937,35.542,-11.117,30.22,0.007,89.987,4.264,0.107
6.788,433.292,35.431,-11.109,30.263,0.007,89.987,4.263,0.11
6.798,433.646,35.32,-11.1,30.306,0.007,89.987,4.262,0.114
6.808,433.998,35.209,-11.096,30.348,0.007,89.987,4.261,0.09
6.818,434.35,35.098,-11.094,30.391,0.007,89.987,4.26,0.059
6.828,434.7,34.987,-11.091,30.433,0.007,89.987,4.259,0.03
6.838,435.05,34.876,-11.088,30.476,0.007,89.987,4.259,0.003
6.848,435.398,34.765,-11.085,30.519,0.007,89.987,4.259,0.023
6.858,435.745,34.654,-11.078,30.561,0.007,89.987,4.26,0.029
6.868,436.091,34.543,-11.07,30.604,0.007,89.987,4.26,0.028
6.878,436.436,34.433,-11.062,30.646,0.007,89.987,4.26,0.025
6.888,436.779,34.322,-11.053,30.689,0.007,89.987,4.26,0.021
6.898,437.122,34.212,-11.045,30.732,0.007,89.987,4.261,0.016
6.908,437.464,34.101,-11.037,30.774,0.007,89.987,4.261,0.015
6.918,437.804,33.991,-11.028,30.817,0.007,89.987,4.261,0.013
6.928,438.144,33.881,-11.02,30.86,0.007,89.987,4.261,0.011
6.938,438.482,33.771,-11.012,30.902,0.007,89.987,4.261,0.007
6.948,438.819,33.661,-11.003,30.945,0.007,89.987,4.261,0.001
6.958,439.155,33.551,-10.993,30.987,0.007,89.987,4.261,0.011
6.968,439.49,33.441,-10.982,31.03,0.007,89.987,4.261,0.025
6.978,439.824,33.331,-10.971,31.073,0.007,89.987,4.261,0.041
6.988,440.157,33.221,-10.961,31.115,0.007,89.987,4.26,0.057
6.998,440.488,33.112,-10.95,31.158,0.007,89.987,4.26,0.074
7.008,440.819,33.002,-10.939,31.2,0.007,89.987,4.259,0.089
7.018,441.148,32.893,-10.929,31.243,0.007,89.987,4.258,0.104
7.028,441.477,32.784,-10.918,31.286,0.007,89.987,4.257,0.12
7.038,441.804,32.675,-10.908,31.328,0.007,89.987,4.255,0.135
7.048,442.13,32.565,-10.897,31.371,0.007,89.987,4.254,0.151
7.058,442.455,32.457,-10.888,31.413,0.007,89.987,4.252,0.162
7.068,442.779,32.348,-10.878,31.456,0.007,89.987,4.251,0.173
7.078,443.102,32.239,-10.869,31.498,0.007,89.987,4.249,0.183
7.088,443.424,32.13,-10.859,31.541,0.007,89.987,4.247,0.193
7.098,443.745,32.022,-10.85,31.583,0.007,89.987,4.245,0.203
7.108,444.064,31.913,-10.842,31.626,0.007,89.987,4.243,0.203
7.118,444.383,31.805,-10.836,31.668,0.007,89.987,4.241,0.2
7.128,444.701,31.697,-10.829,31.71,0.007,89.987,4.239,0.197
7.138,445.017,31.588,-10.822,31.753,0.007,89.987,4.237,0.194
7.148,445.332,31.48,-10.815,31.795,0.007,89.987,4.235,0.191
7.158,445.647,31.372,-10.806,31.837,0.007,89.987,4.233,0.201
7.168,445.96,31.264,-10.796,31.88,0.008,89.986,4.231,0.216
7.178,446.272,31.156,-10.786,31.922,0.008,89.986,4.229,0.23
7.188,446.583,31.048,-10.777,31.964,0.008,89.986,4.226,0.244
7.198,446.893,30.941,-10.767,32.007,0.008,89.986,4.224,0.257
7.208,447.202,30.833,-10.759,32.049,0.008,89.986,4.221,0.261
7.218,447.51,30.725,-10.752,32.091,0.008,89.986,4.219,0.262
7.228,447.816,30.618,-10.745,32.133,0.008,89.986,4.216,0.262
7.238,448.122,30.511,-10.738,32.175,0.008,89.986,4.214,0.262
7.248,448.426,30.403,-10.731,32.217,0.008,89.986,4.211,0.262
7.258,448.73,30.296,-10.721,32.26,0.008,89.986,4.208,0.28
7.268,449.032,30.189,-10.71,32.302,0.008,89.986,4.205,0.302
7.278,449.334,30.082,-10.7,32.344,0.008,89.986,4.202,0.323
7.288,449.634,29.975,-10.69,32.386,0.008,89.986,4.199,0.344
7.298,449.933,29.868,-10.68,32.428,0.008,89.986,4.195,0.363
7.308,450.231,29.761,-10.671,32.47,0.008,89.986,4.192,0.378
7.318,450.528,29.655,-10.662,32.511,0.008,89.986,4.188,0.39
7.328,450.824,29.548,-10.654,32.553,0.008,89.986,4.184,0.402
7.338,451.119,29.441,-10.645,32.595,0.008,89.986,4.18,0.412
7.348,451.413,29.335,-10.637,32.637,0.008,89.986,4.176,0.421
7.358,451.706,29.229,-10.631,32.679,0.008,89.986,4.171,0.42
7.368,451.998,29.122,-10.625,32.72,0.008,89.986,4.167,0.416
7.378,452.289,29.016,-10.619,32.762,0.008,89.986,4.163,0.411
7.388,452.578,28.91,-10.614,32.804,0.008,89.986,4.159,0.405
7.398,452.867,28.804,-10.608,32.845,0.008,89.986,4.155,0.398
7.408,453.154,28.698,-10.603,32.887,0.008,89.986,4.151,0.391
7.418,453.441,28.592,-10.598,32.928,0.008,89.986,4.147,0.383
7.428,453.726,28.486,-10.593,32.97,0.008,89.986,4.143,0.374
7.438,454.01,28.38,-10.588,33.011,0.008,89.986,4.14,0.365
7.448,454.294,28.274,-10.583,33.052,0.008,89.986,4.136,0.355
7.458,454.576,28.168,-10.579,33.094,0.008,89.986,4.133,0.34
7.468,454.857,28.063,-10.576,33.135,0.008,89.986,4.129,0.324
7.478,455.137,27.957,-10.572,33.176,0.008,89.986,4.126,0.307
7.488,455.416,27.851,-10.569,33.218,0.008,89.986,4.123,0.29
7.498,455.694,27.745,-10.566,33.259,0.008,89.986,4.12,0.273
7.508,455.971,27.64,-10.561,33.3,0.008,89.986,4.118,0.267
7.518,456.247,27.534,-10.556,33.341,0.008,89.986,4.115,0.262
7.528,456.522,27.429,-10.551,33.382,0.008,89.986,4.112,0.258
7.538,456.796,27.323,-10.545,33.423,0.008,89.986,4.11,0.253
7.548,457.068,27.218,-10.54,33.465,0.008,89.986,4.107,0.249
7.558,457.34,27.112,-10.532,33.506,0.008,89.986,4.105,0.262
7.568,457.611,27.007,-10.523,33.547,0.008,89.986,4.102,0.281
7.578,457.88,26.902,-10.514,33.588,0.008,89.986,4.099,0.299
7.588,458.149,26.797,-10.504,33.629,0.008,89.986,4.096,0.317
7.598,458.416,26.692,-10.496,33.67,0.008,89.986,4.093,0.334
7.608,458.682,26.587,-10.489,33.71,0.009,89.986,4.089,0.335
7.618,458.948,26.482,-10.484,33.751,0.009,89.986,4.086,0.331
7.628,459.212,26.377,-10.479,33.792,0.009,89.986,4.083,0.328
7.638,459.475,26.273,-10.474,33.833,0.009,89.985,4.08,0.323
7.648,459.737,26.168,-10.469,33.874,0.009,89.985,4.076,0.319
7.658,459.999,26.063,-10.466,33.915,0.009,89.985,4.073,0.308
7.668,460.259,25.958,-10.462,33.955,0.009,89.985,4.07,0.295
7.678,460.518,25.854,-10.459,33.996,0.009,89.985,4.067,0.283
7.688,460.776,25.749,-10.456,34.037,0.009,89.985,4.065,0.27
7.698,461.033,25.645,-10.453,34.077,0.009,89.985,4.062,0.258
7.708,461.289,25.54,-10.453,34.118,0.009,89.985,4.059,0.23
7.718,461.544,25.436,-10.454,34.158,0.009,89.985,4.057,0.198
7.728,461.797,25.331,-10.455,34.199,0.009,89.985,4.055,0.167
7.738,462.05,25.227,-10.456,34.24,0.009,89.985,4.054,0.136
7.748,462.302,25.122,-10.457,34.28,0.009,89.985,4.053,0.107
7.758,462.553,25.017,-10.455,34.321,0.009,89.985,4.052,0.093
7.768,462.802,24.913,-10.452,34.361,0.009,89.985,4.051,0.084
7.778,463.051,24.808,-10.448,34.402,0.009,89.985,4.05,0.076
7.788,463.298,24.704,-10.445,34.442,0.009,89.985,4.049,0.068
7.798,463.545,24.6,-10.442,34.483,0.009,89.985,4.049,0.061
7.808,463.79,24.495,-10.436,34.523,0.009,89.985,4.048,0.062
7.818,464.035,24.391,-10.431,34.564,0.009,89.985,4.047,0.065
7.828,464.278,24.287,-10.425,34.604,0.009,89.985,4.047,0.069
7.838,464.521,24.182,-10.419,34.644,0.009,89.985,4.046,0.073
7.848,464.762,24.078,-10.413,34.685,0.009,89.985,4.045,0.077
7.858,465.002,23.974,-10.408,34.725,0.009,89.985,4.045,0.075
7.868,465.241,23.87,-10.405,34.766,0.009,89.985,4.044,0.07
7.878,465.48,23.766,-10.401,34.806,0.009,89.985,4.043,0.066
7.888,465.717,23.662,-10.396,34.847,0.009,89.985,4.043,0.062
7.898,465.953,23.558,-10.392,34.887,0.009,89.985,4.042,0.059
7.908,466.188,23.454,-10.387,34.928,0.009,89.985,4.041,0.062
7.918,466.422,23.35,-10.38,34.968,0.009,89.985,4.041,0.068
7.928,466.655,23.247,-10.374,35.008,0.009,89.985,4.04,0.073
7.938,466.887,23.143,-10.368,35.049,0.009,89.985,4.039,0.079
7.948,467.118,23.039,-10.361,35.089,0.009,89.985,4.038,0.085
7.958,467.348,22.936,-10.354,35.13,0.009,89.985,4.037,0.095
7.968,467.576,22.832,-10.347,35.17,0.009,89.985,4.036,0.105
7.978,467.804,22.729,-10.339,35.21,0.009,89.985,4.035,0.116
7.988,468.031,22.625,-10.332,35.251,0.009,89.985,4.034,0.127
7.998,468.257,22.522,-10.324,35.291,0.009,89.985,4.033,0.138
8.008,468.481,22.419,-10.318,35.331,0.009,89.985,4.031,0.143
8.018,468.705,22.316,-10.312,35.372,0.009,89.985,4.03,0.147
8.028,468.928,22.213,-10.306,35.412,0.009,89.985,4.028,0.151
8.038,469.149,22.11,-10.301,35.452,0.01,89.985,4.027,0.155
8.048,469.37,22.007,-10.295,35.492,0.01,89.985,4.025,0.159
8.058,469.59,21.904,-10.293,35.533,0.01,89.985,4.024,0.146
8.068,469.808,21.801,-10.293,35.573,0.01,89.985,4.022,0.128
8.078,470.026,21.698,-10.293,35.613,0.01,89.985,4.021,0.111
8.088,470.242,21.595,-10.292,35.653,0.01,89.985,4.02,0.094
8.098,470.457,21.492,-10.292,35.693,0.01,89.985,4.019,0.078
8.108,470.672,21.389,-10.286,35.734,0.01,89.984,4.019,0.085
8.118,470.885,21.286,-10.277,35.774,0.01,89.984,4.018,0.099
8.128,471.098,21.183,-10.269,35.814,0.01,89.984,4.017,0.112
8.138,471.309,21.081,-10.261,35.854,0.01,89.984,4.015,0.126
8.148,471.519,20.978,-10.253,35.894,0.01,89.984,4.014,0.139
8.158,471.728,20.876,-10.249,35.934,0.01,89.984,4.013,0.139
8.168,471.937,20.773,-10.245,35.975,0.01,89.984,4.011,0.135
8.178,472.144,20.671,-10.242,36.015,0.01,89.984,4.01,0.131
8.188,472.35,20.568,-10.238,36.055,0.01,89.984,4.009,0.127
8.198,472.555,20.466,-10.235,36.095,0.01,89.984,4.007,0.123
8.208,472.759,20.364,-10.23,36.135,0.01,89.984,4.006,0.123
8.218,472.963,20.261,-10.225,36.175,0.01,89.984,4.005,0.124
8.228,473.165,20.159,-10.221,36.215,0.01,89.984,4.004,0.125
8.238,473.366,20.057,-10.216,36.255,0.01,89.984,4.002,0.126
8.248,473.566,19.955,-10.211,36.295,0.01,89.984,4.001,0.127
8.258,473.765,19.853,-10.208,36.335,0.01,89.984,4,0.125
8.268,473.963,19.751,-10.204,36.375,0.01,89.984,3.999,0.121
8.278,474.16,19.649,-10.201,36.415,0.01,89.984,3.998,0.117
8.288,474.356,19.547,-10.198,36.455,0.01,89.984,3.996,0.114
8.298,474.551,19.445,-10.194,36.495,0.01,89.984,3.995,0.11
8.308,474.745,19.343,-10.189,36.535,0.01,89.984,3.994,0.113
8.318,474.938,19.241,-10.184,36.575,0.01,89.984,3.993,0.117
8.328,475.13,19.139,-10.179,36.615,0.01,89.984,3.992,0.121
8.338,475.32,19.037,-10.173,36.655,0.01,89.984,3.991,0.126
8.348,475.51,18.936,-10.168,36.695,0.01,89.984,3.989,0.13
8.358,475.699,18.834,-10.163,36.735,0.01,89.984,3.988,0.131
8.368,475.887,18.732,-10.159,36.774,0.01,89.984,3.987,0.131
8.378,476.074,18.631,-10.155,36.814,0.01,89.984,3.985,0.132
8.388,476.26,18.529,-10.15,36.854,0.01,89.984,3.984,0.133
8.398,476.444,18.428,-10.146,36.894,0.01,89.984,3.983,0.133
8.408,476.628,18.326,-10.142,36.934,0.01,89.984,3.981,0.134
8.418,476.811,18.225,-10.138,36.974,0.01,89.984,3.98,0.135
8.428,476.993,18.124,-10.133,37.013,0.01,89.984,3.979,0.135
8.438,477.173,18.022,-10.129,37.053,0.01,89.984,3.977,0.136
8.448,477.353,17.921,-10.125,37.093,0.01,89.984,3.976,0.137
8.458,477.532,17.82,-10.121,37.133,0.011,89.984,3.975,0.137
8.468,477.71,17.719,-10.117,37.172,0.011,89.984,3.973,0.137
8.478,477.886,17.618,-10.113,37.212,0.011,89.984,3.972,0.136
8.488,478.062,17.516,-10.109,37.252,0.011,89.984,3.971,0.136
8.498,478.237,17.415,-10.105,37.292,0.011,89.984,3.969,0.136
8.508,478.41,17.314,-10.101,37.331,0.011,89.984,3.968,0.137
8.518,478.583,17.213,-10.097,37.371,0.011,89.984,3.966,0.137
8.528,478.754,17.112,-10.093,37.411,0.011,89.984,3.965,0.138
8.538,478.925,17.011,-10.089,37.45,0.011,89.984,3.964,0.139
8.548,479.095,16.911,-10.085,37.49,0.011,89.984,3.962,0.14
8.558,479.263,16.81,-10.08,37.529,0.011,89.984,3.961,0.144
8.568,479.431,16.709,-10.075,37.569,0.011,89.984,3.959,0.149
8.578,479.597,16.608,-10.069,37.609,0.011,89.984,3.958,0.154
8.588,479.763,16.508,-10.064,37.648,0.011,89.983,3.956,0.159
8.598,479.928,16.407,-10.059,37.688,0.011,89.983,3.955,0.164
8.608,480.091,16.306,-10.055,37.727,0.011,89.983,3.953,0.166
8.618,480.254,16.206,-10.05,37.767,0.011,89.983,3.951,0.168
8.628,480.415,16.105,-10.046,37.806,0.011,89.983,3.95,0.17
8.638,480.576,16.005,-10.042,37.846,0.011,89.983,3.948,0.172
8.648,480.735,15.905,-10.038,37.885,0.011,89.983,3.946,0.174
8.658,480.894,15.804,-10.032,37.925,0.011,89.983,3.944,0.182
8.668,481.051,15.704,-10.025,37.964,0.011,89.983,3.943,0.191
8.678,481.208,15.604,-10.019,38.004,0.011,89.983,3.941,0.201
8.688,481.364,15.504,-10.012,38.043,0.011,89.983,3.939,0.21
8.698,481.518,15.403,-10.006,38.082,0.011,89.983,3.936,0.219
8.708,481.672,15.303,-10.003,38.122,0.011,89.983,3.934,0.218
8.718,481.824,15.203,-10,38.161,0.011,89.983,3.932,0.215
8.728,481.976,15.103,-9.998,38.2,0.011,89.983,3.93,0.211
8.738,482.126,15.003,-9.995,38.24,0.011,89.983,3.928,0.208
8.748,482.276,14.904,-9.993,38.279,0.011,89.983,3.926,0.204
8.758,482.424,14.804,-9.989,38.318,0.011,89.983,3.924,0.205
8.768,482.572,14.704,-9.985,38.357,0.011,89.983,3.922,0.207
8.778,482.718,14.604,-9.981,38.397,0.011,89.983,3.92,0.209
8.788,482.864,14.504,-9.977,38.436,0.011,89.983,3.917,0.21
8.798,483.008,14.404,-9.973,38.475,0.011,89.983,3.915,0.212
8.808,483.152,14.305,-9.969,38.514,0.011,89.983,3.913,0.214
8.818,483.295,14.205,-9.965,38.553,0.011,89.983,3.911,0.216
8.828,483.436,14.105,-9.961,38.592,0.011,89.983,3.909,0.218
8.838,483.577,14.006,-9.957,38.631,0.011,89.983,3.907,0.221
8.848,483.716,13.906,-9.953,38.67,0.012,89.983,3.905,0.222
8.858,483.855,13.807,-9.952,38.709,0.012,89.983,3.902,0.217
8.868,483.992,13.707,-9.951,38.748,0.012,89.983,3.9,0.21
8.878,484.129,13.608,-9.95,38.787,0.012,89.983,3.898,0.203
8.888,484.265,13.508,-9.949,38.826,0.012,89.983,3.896,0.196
8.898,484.399,13.409,-9.948,38.865,0.012,89.983,3.894,0.189
8.908,484.533,13.309,-9.947,38.904,0.012,89.983,3.892,0.185
8.918,484.665,13.21,-9.945,38.943,0.012,89.983,3.89,0.181
8.928,484.797,13.11,-9.943,38.982,0.012,89.983,3.889,0.177
8.938,484.927,13.011,-9.941,39.021,0.012,89.983,3.887,0.173
8.948,485.057,12.911,-9.939,39.06,0.012,89.983,3.885,0.169
8.958,485.186,12.812,-9.934,39.099,0.012,89.983,3.884,0.176
8.968,485.313,12.713,-9.927,39.138,0.012,89.983,3.882,0.187
8.978,485.44,12.614,-9.92,39.176,0.012,89.983,3.88,0.198
8.988,485.566,12.514,-9.914,39.215,0.012,89.983,3.878,0.208
8.998,485.69,12.415,-9.907,39.254,0.012,89.983,3.876,0.219
9.008,485.814,12.316,-9.905,39.293,0.012,89.983,3.873,0.214
9.018,485.937,12.217,-9.905,39.331,0.012,89.983,3.871,0.206
9.028,486.058,12.118,-9.905,39.37,0.012,89.983,3.869,0.198
9.038,486.179,12.019,-9.905,39.409,0.012,89.983,3.867,0.19
9.048,486.299,11.92,-9.905,39.447,0.012,89.983,3.866,0.182
9.058,486.417,11.821,-9.901,39.486,0.012,89.982,3.864,0.186
9.068,486.535,11.722,-9.895,39.525,0.012,89.982,3.862,0.194
9.078,486.652,11.623,-9.889,39.563,0.012,89.982,3.86,0.202
9.088,486.768,11.524,-9.884,39.602,0.012,89.982,3.858,0.209
9.098,486.882,11.425,-9.878,39.64,0.012,89.982,3.856,0.217
9.108,486.996,11.327,-9.873,39.679,0.012,89.982,3.853,0.224
9.118,487.109,11.228,-9.867,39.718,0.012,89.982,3.851,0.23
9.128,487.221,11.129,-9.862,39.756,0.012,89.982,3.849,0.236
9.138,487.331,11.031,-9.857,39.794,0.012,89.982,3.846,0.243
9.148,487.441,10.932,-9.852,39.833,0.012,89.982,3.844,0.249
9.158,487.55,10.834,-9.848,39.871,0.012,89.982,3.841,0.25
9.168,487.658,10.735,-9.845,39.91,0.012,89.982,3.839,0.25
9.178,487.765,10.637,-9.842,39.948,0.012,89.982,3.836,0.25
9.188,487.871,10.538,-9.839,39.986,0.012,89.982,3.834,0.251
9.198,487.975,10.44,-9.837,40.025,0.012,89.982,3.831,0.251
9.208,488.079,10.342,-9.834,40.063,0.012,89.982,3.829,0.251
9.218,488.182,10.243,-9.831,40.101,0.012,89.982,3.826,0.251
9.228,488.284,10.145,-9.828,40.14,0.013,89.982,3.824,0.251
9.238,488.385,10.047,-9.825,40.178,0.013,89.982,3.821,0.251
9.248,488.485,9.949,-9.822,40.216,0.013,89.982,3.819,0.251
9.258,488.584,9.85,-9.819,40.254,0.013,89.982,3.816,0.251
9.268,488.682,9.752,-9.817,40.292,0.013,89.982,3.814,0.251
9.278,488.779,9.654,-9.814,40.331,0.013,89.982,3.811,0.251
9.288,488.875,9.556,-9.811,40.369,0.013,89.982,3.809,0.251
9.298,488.97,9.458,-9.808,40.407,0.013,89.982,3.806,0.251
9.308,489.064,9.36,-9.803,40.445,0.013,89.982,3.804,0.256
9.318,489.158,9.262,-9.798,40.483,0.013,89.982,3.801,0.262
9.328,489.25,9.164,-9.792,40.521,0.013,89.982,3.799,0.269
9.338,489.341,9.066,-9.787,40.559,0.013,89.982,3.796,0.275
9.348,489.431,8.968,-9.781,40.597,0.013,89.982,3.793,0.281
9.358,489.52,8.87,-9.778,40.635,0.013,89.982,3.79,0.283
9.368,489.608,8.772,-9.775,40.673,0.013,89.982,3.787,0.283
9.378,489.696,8.675,-9.772,40.71,0.013,89.982,3.785,0.284
9.388,489.782,8.577,-9.768,40.748,0.013,89.982,3.782,0.284
9.398,489.867,8.479,-9.765,40.786,0.013,89.982,3.779,0.285
9.408,489.951,8.382,-9.761,40.824,0.013,89.982,3.776,0.288
9.418,490.035,8.284,-9.756,40.862,0.013,89.982,3.773,0.293
9.428,490.117,8.187,-9.751,40.899,0.013,89.982,3.77,0.297
9.438,490.199,8.089,-9.746,40.937,0.013,89.982,3.767,0.301
9.448,490.279,7.992,-9.741,40.975,0.013,89.982,3.764,0.306
9.458,490.358,7.894,-9.739,41.012,0.013,89.982,3.761,0.303
9.468,490.437,7.797,-9.738,41.05,0.013,89.982,3.758,0.299
9.478,490.514,7.7,-9.737,41.087,0.013,89.982,3.755,0.295
9.488,490.591,7.602,-9.736,41.125,0.013,89.982,3.752,0.291
9.498,490.666,7.505,-9.735,41.162,0.013,89.982,3.749,0.287
9.508,490.741,7.407,-9.733,41.2,0.013,89.982,3.746,0.284
9.518,490.815,7.31,-9.732,41.237,0.013,89.982,3.744,0.282
9.528,490.887,7.213,-9.73,41.275,0.013,89.982,3.741,0.279
9.538,490.959,7.116,-9.729,41.312,0.013,89.981,3.738,0.276
9.548,491.029,7.018,-9.727,41.35,0.013,89.981,3.735,0.274
9.558,491.099,6.921,-9.726,41.387,0.013,89.981,3.733,0.27
9.568,491.168,6.824,-9.725,41.424,0.013,89.981,3.73,0.267
9.578,491.236,6.726,-9.724,41.461,0.013,89.981,3.727,0.263
9.588,491.302,6.629,-9.723,41.499,0.013,89.981,3.725,0.26
9.598,491.368,6.532,-9.722,41.536,0.014,89.981,3.722,0.257
9.608,491.433,6.435,-9.721,41.573,0.014,89.981,3.72,0.253
9.618,491.497,6.338,-9.72,41.61,0.014,89.981,3.717,0.249
9.628,491.56,6.24,-9.719,41.648,0.014,89.981,3.715,0.246
9.638,491.622,6.143,-9.718,41.685,0.014,89.981,3.712,0.242
9.648,491.683,6.046,-9.717,41.722,0.014,89.981,3.71,0.239
9.658,491.743,5.949,-9.715,41.759,0.014,89.981,3.707,0.238
9.668,491.802,5.852,-9.712,41.796,0.014,89.981,3.705,0.239
9.678,491.86,5.755,-9.709,41.833,0.014,89.981,3.703,0.239
9.688,491.917,5.658,-9.706,41.87,0.014,89.981,3.7,0.239
9.698,491.973,5.561,-9.703,41.907,0.014,89.981,3.698,0.24
9.708,492.028,5.464,-9.7,41.944,0.014,89.981,3.695,0.239
9.718,492.082,5.367,-9.697,41.981,0.014,89.981,3.693,0.239
9.728,492.135,5.27,-9.695,42.018,0.014,89.981,3.691,0.238
9.738,492.187,5.173,-9.692,42.055,0.014,89.981,3.688,0.238
9.748,492.239,5.076,-9.689,42.092,0.014,89.981,3.686,0.238
9.758,492.289,4.979,-9.685,42.128,0.014,89.981,3.683,0.241
9.768,492.338,4.882,-9.679,42.165,0.014,89.981,3.681,0.244
9.778,492.387,4.785,-9.674,42.202,0.014,89.981,3.679,0.248
9.788,492.434,4.689,-9.668,42.239,0.014,89.981,3.676,0.252
9.798,492.48,4.592,-9.662,42.276,0.014,89.981,3.674,0.255
9.808,492.526,4.495,-9.66,42.312,0.014,89.981,3.671,0.254
9.818,492.57,4.399,-9.658,42.349,0.014,89.981,3.668,0.252
9.828,492.614,4.302,-9.656,42.386,0.014,89.981,3.666,0.25
9.838,492.656,4.206,-9.654,42.422,0.014,89.981,3.663,0.248
9.848,492.698,4.109,-9.652,42.459,0.014,89.981,3.661,0.247
9.858,492.739,4.013,-9.647,42.495,0.014,89.981,3.658,0.249
9.868,492.778,3.916,-9.64,42.532,0.014,89.981,3.656,0.254
9.878,492.817,3.82,-9.633,42.569,0.014,89.981,3.653,0.258
9.888,492.855,3.723,-9.627,42.605,0.014,89.981,3.651,0.262
9.898,492.891,3.627,-9.62,42.642,0.014,89.981,3.648,0.266
9.908,492.927,3.531,-9.615,42.678,0.014,89.981,3.645,0.267
9.918,492.962,3.435,-9.612,42.715,0.014,89.981,3.643,0.266
9.928,492.996,3.339,-9.608,42.751,0.014,89.981,3.64,0.266
9.938,493.029,3.243,-9.604,42.787,0.014,89.981,3.637,0.266
9.948,493.061,3.147,-9.6,42.824,0.014,89.981,3.635,0.266
9.958,493.092,3.051,-9.597,42.86,0.015,89.981,3.632,0.265
9.968,493.122,2.955,-9.593,42.896,0.015,89.981,3.63,0.265
9.978,493.151,2.859,-9.589,42.933,0.015,89.981,3.627,0.264
9.988,493.179,2.763,-9.585,42.969,0.015,89.981,3.624,0.264
9.998,493.206,2.667,-9.581,43.005,0.015,89.981,3.622,0.263
10.008,493.232,2.571,-9.574,43.041,0.015,89.981,3.619,0.266
10.018,493.257,2.476,-9.566,43.077,0.015,89.98,3.616,0.27
10.028,493.282,2.38,-9.557,43.114,0.015,89.98,3.614,0.273
10.038,493.305,2.285,-9.549,43.15,0.015,89.98,3.611,0.277
10.048,493.327,2.189,-9.54,43.186,0.015,89.98,3.608,0.281
10.058,493.349,2.094,-9.53,43.222,0.015,89.98,3.605,0.286
10.068,493.369,1.999,-9.523,43.258,0.015,89.98,3.602,0.287
10.078,493.389,1.903,-9.516,43.294,0.015,89.98,3.599,0.289
10.088,493.407,1.808,-9.509,43.33,0.015,89.98,3.597,0.291
10.098,493.425,1.713,-9.501,43.366,0.015,89.98,3.594,0.294
10.108,493.442,1.618,-9.5,43.402,0.015,89.98,3.591,0.289
10.118,493.457,1.523,-9.502,43.438,0.015,89.98,3.588,0.283
10.128,493.472,1.428,-9.503,43.474,0.015,89.98,3.585,0.277
10.138,493.486,1.333,-9.503,43.509,0.015,89.98,3.582,0.272
10.148,493.499,1.238,-9.504,43.545,0.015,89.98,3.58,0.266
10.158,493.511,1.143,-9.501,43.581,0.015,89.98,3.577,0.264
10.168,493.522,1.048,-9.497,43.617,0.015,89.98,3.574,0.262
10.178,493.532,0.953,-9.493,43.652,0.015,89.98,3.572,0.261
10.188,493.541,0.858,-9.489,43.688,0.015,89.98,3.569,0.259
10.198,493.549,0.763,-9.484,43.724,0.015,89.98,3.567,0.258
10.208,493.556,0.668,-9.48,43.76,0.015,89.98,3.564,0.257
10.218,493.562,0.574,-9.475,43.795,0.015,89.98,3.561,0.255
10.228,493.567,0.479,-9.47,43.831,0.015,89.98,3.559,0.254
10.238,493.572,0.384,-9.465,43.866,0.015,89.98,3.556,0.253
10.248,493.575,0.29,-9.459,43.902,0.015,89.98,3.554,0.252
10.258,493.578,0.195,-9.452,43.937,0.015,89.98,3.551,0.253
10.268,493.579,0.101,-9.443,43.973,0.015,89.98,3.549,0.254
10.278,493.58,0.006,-9.434,44.008,0.015,89.98,3.546,0.255
10.288,493.579,-0.088,-9.425,44.044,0.015,89.98,3.544,0.256
10.298,493.578,-0.182,-9.415,44.079,0.015,89.98,3.541,0.258
10.308,493.575,-0.276,-9.4,44.115,0.015,89.98,3.538,0.262
10.318,493.572,-0.37,-9.383,44.15,0.016,89.98,3.536,0.268
10.328,493.568,-0.464,-9.366,44.185,0.016,89.98,3.533,0.273
10.338,493.563,-0.558,-9.349,44.221,0.016,89.98,3.53,0.278
10.348,493.557,-0.651,-9.331,44.256,0.016,89.98,3.528,0.284
10.358,493.55,-0.744,-9.321,44.291,0.016,89.98,3.525,0.283
10.368,493.542,-0.837,-9.314,44.326,0.016,89.98,3.522,0.282
10.378,493.533,-0.93,-9.306,44.362,0.016,89.98,3.519,0.28
10.388,493.523,-1.024,-9.298,44.397,0.016,89.98,3.516,0.278
10.398,493.512,-1.118,-9.29,44.433,0.016,89.98,3.513,0.277
10.399,493.511,-1.128,-8.092,44.436,0.016,89.98,3.513,8.021
10.487,493.381,-1.838,-7.258,44.714,0.016,89.98,2.809,6.381
10.59,493.152,-2.589,-6.416,44.97,0.016,89.979,2.149,5.132
10.712,492.79,-3.37,-5.298,45.194,0.016,89.979,1.524,4.594
10.855,492.255,-4.125,-3.985,45.364,0.017,89.979,0.869,4.19
11.028,491.482,-4.814,-2.744,45.452,0.017,89.979,0.144,3.21
11.264,490.265,-5.464,-1.231,45.396,0.017,89.978,0.616,2.322
11.595,488.39,-5.871,-0.19,45.066,0.017,89.978,1.384,1.083
11.903,486.574,-5.93,-0.032,44.588,0.017,89.978,1.717,0.707
12.208,484.766,-5.94,-0.022,44.032,0.017,89.977,1.932,0.154
12.512,482.959,-5.947,0.003,43.438,0.017,89.977,1.979,0.207
12.815,481.153,-5.946,0.003,42.827,0.017,89.977,2.042,0.274
13.119,479.347,-5.945,2.333e-4,42.219,0.017,89.976,1.959,0.211
13.423,477.542,-5.945,0.002,41.634,0.017,89.976,1.895,0.215
13.726,475.737,-5.944,-2.11E-04,41.049,0.017,89.976,1.96,0.084
14.03,473.932,-5.944,0.005,40.45,0.017,89.975,1.986,0.265
14.334,472.128,-5.943,-6.04E-04,39.859,0.017,89.975,1.905,0.152
14.637,470.324,-5.943,0.003,39.274,0.017,89.975,1.951,0.222
14.941,468.52,-5.942,0.003,38.671,0.017,89.974,2.019,0.283
15.244,466.717,-5.941,0.013,38.072,0.017,89.974,1.933,0.543
15.548,464.914,-5.937,-0.013,37.51,0.017,89.974,1.768,0.026
15.851,463.111,-5.941,0.003,36.975,0.017,89.973,1.76,0.138
16.155,461.308,-5.94,0.002,36.434,0.017,89.973,1.802,0.138
16.458,459.506,-5.94,0.008,35.881,0.017,89.973,1.844,0.376
16.761,457.705,-5.937,-0.003,35.304,0.017,89.972,1.958,0.224
17.065,455.903,-5.938,0.029,34.7,0.017,89.972,2.026,0.761
17.368,454.104,-5.93,-0.026,34.05,0.017,89.971,2.257,0.198
17.672,452.302,-5.937,0.003,33.356,0.017,89.971,2.317,0.25
17.975,450.501,-5.936,0.01,32.665,0.017,89.97,2.241,0.481
18.278,448.702,-5.933,-0.01,32.007,0.017,89.97,2.095,0.085
18.582,446.901,-5.936,0.003,31.375,0.017,89.969,2.069,0.19
18.885,445.102,-5.935,0.005,30.757,0.017,89.969,2.012,0.312
19.188,443.303,-5.934,-0.002,30.133,0.017,89.968,2.106,0.132
19.491,441.504,-5.934,0.005,29.488,0.017,89.967,2.146,0.299
19.794,439.706,-5.933,0.002,28.824,0.017,89.967,2.237,0.301
20.097,437.908,-5.932,-0.002,28.16,0.017,89.966,2.146,0.103
20.4,436.11,-5.933,0.003,27.514,0.017,89.965,2.114,0.166
20.703,434.312,-5.932,7.58e-4,26.881,0.017,89.964,2.064,0.089
21.006,432.515,-5.932,0.003,26.26,0.017,89.964,2.037,0.179
21.309,430.718,-5.931,4.971e-4,25.651,0.017,89.963,1.983,0.085
21.612,428.922,-5.931,0.001,25.054,0.017,89.962,1.957,0.022
21.915,427.126,-5.93,0.003,24.463,0.017,89.961,1.95,0.135
22.218,425.33,-5.93,0.011,23.878,0.017,89.96,1.909,0.457
22.521,423.535,-5.926,-0.007,23.279,0.016,89.959,2.048,0.171
22.823,421.739,-5.928,0.006,22.651,0.016,89.958,2.1,0.337
23.126,419.945,-5.927,0.004,22.031,0.016,89.957,1.998,0.394
23.429,418.15,-5.925,-0.006,21.444,0.016,89.956,1.878,0.017
23.732,416.356,-5.927,0.002,20.876,0.016,89.955,1.873,0.113
24.035,414.562,-5.926,0.007,20.314,0.016,89.954,1.839,0.348
24.337,412.768,-5.924,-0.004,19.741,0.016,89.953,1.944,0.081
24.64,410.975,-5.926,0.004,19.149,0.016,89.951,1.969,0.205
24.942,409.182,-5.924,0.002,18.563,0.016,89.95,1.907,0.219
25.245,407.389,-5.924,0.003,17.976,0.016,89.948,1.973,0.285
25.548,405.597,-5.923,3.544e-4,17.392,0.016,89.947,1.887,0.232
25.85,403.805,-5.923,-8.17E-04,16.832,0.016,89.945,1.817,0.055
26.153,402.014,-5.923,0.002,16.28,0.016,89.943,1.833,0.012
26.455,400.222,-5.922,0.022,15.726,0.016,89.941,1.83,0.635
26.758,398.432,-5.916,0.018,15.143,0.016,89.939,2.022,0.852
27.06,396.642,-5.91,-0.035,14.492,0.016,89.936,2.28,0.014
27.363,394.85,-5.921,0.002,13.802,0.016,89.933,2.275,0.071
27.666,393.06,-5.92,0.002,13.111,0.016,89.93,2.297,0.084
27.968,391.27,-5.92,0.001,12.413,0.016,89.926,2.322,0.004
28.27,389.481,-5.919,0.009,11.711,0.016,89.922,2.321,0.367
28.572,387.692,-5.917,-5.84E-04,11.026,0.016,89.917,2.21,0.298
28.875,385.903,-5.917,0.005,10.372,0.016,89.912,2.12,0.387
29.177,384.115,-5.915,0.001,9.749,0.016,89.907,2.003,0.375
29.479,382.327,-5.915,-0.001,9.16,0.016,89.901,1.89,0.285
29.782,380.539,-5.915,-2.84E-04,8.576,0.016,89.895,1.976,0.203
30.084,378.752,-5.915,-9.33E-06,7.97,0.016,89.887,2.037,0.083
30.584,375.794,-5.915,0.004,6.941,0.016,89.87,2.079,0.16
30.886,374.007,-5.914,5.702e-4,6.305,0.016,89.858,2.127,0.054
31.188,372.221,-5.914,0.02,5.665,0.016,89.842,2.111,0.609
31.49,370.436,-5.908,-0.016,5.056,0.016,89.823,1.927,0.144
31.792,368.649,-5.913,0.011,4.48,0.016,89.801,1.883,0.449
32.094,366.864,-5.909,-0.008,3.891,0.016,89.771,2.019,0.067
32.396,365.079,-5.912,0.005,3.278,0.016,89.728,2.039,0.275
32.698,363.294,-5.91,-0.002,2.65,0.016,89.665,2.122,0.053
33,361.51,-5.911,0.002,2.011,0.015,89.559,2.106,0.09
33.302,359.726,-5.91,0.003,1.38,0.015,89.359,2.079,0.196
33.604,357.942,-5.909,0.016,0.761,0.015,88.84,2.02,0.557
33.905,356.159,-5.905,-0.013,0.126,0.015,83.041,2.188,0.121
34.207,354.376,-5.909,0.002,-0.529,0.015,271.662,2.152,0.128
34.509,352.593,-5.908,0.001,-1.173,0.015,270.749,2.113,0.094
34.811,350.81,-5.908,0.008,-1.814,0.015,270.483,2.141,0.361
35.113,349.028,-5.905,-0.003,-2.477,0.015,270.353,2.25,0.214
35.414,347.246,-5.906,0.002,-3.146,0.015,270.277,2.186,0.204
35.716,345.465,-5.906,-3.31E-04,-3.796,0.015,270.229,2.124,0.035
36.018,343.683,-5.906,0.002,-4.435,0.015,270.196,2.113,0.059
36.319,341.903,-5.905,0.013,-5.07,0.015,270.171,2.096,0.47
36.621,340.122,-5.901,-0.007,-5.723,0.015,270.151,2.237,0.208
36.922,338.342,-5.904,0.011,-6.388,0.015,270.135,2.175,0.484
37.224,336.562,-5.9,-0.004,-7.022,0.015,270.123,2.029,0.347
37.526,334.782,-5.901,6.885e-4,-7.618,0.015,270.113,1.924,0.317
37.827,333.003,-5.901,0.017,-8.184,0.015,270.105,1.828,0.627
38.129,331.225,-5.896,-0.015,-8.707,0.015,270.098,1.639,0.26
38.43,329.445,-5.901,0.007,-9.213,0.015,270.093,1.718,0.406
38.732,327.667,-5.899,0.007,-9.749,0.015,270.088,1.84,0.518
39.033,325.889,-5.896,-0.01,-10.328,0.015,270.083,1.996,0.213
39.335,324.111,-5.899,-3.09E-04,-10.939,0.015,270.078,2.06,0.075
39.636,322.333,-5.899,0.004,-11.563,0.015,270.073,2.083,0.215
39.937,320.556,-5.898,4.993e-4,-12.201,0.015,270.069,2.148,0.15
40.238,318.779,-5.898,0.008,-12.841,0.015,270.066,2.103,0.375
40.54,317.003,-5.896,-5.66E-04,-13.457,0.015,270.063,1.99,0.31
40.841,315.227,-5.896,-0.003,-14.042,0.015,270.06,1.896,0.028
41.142,313.451,-5.897,0.005,-14.612,0.015,270.058,1.888,0.236
41.443,311.675,-5.896,-8.28E-04,-15.192,0.015,270.055,1.959,0.079
41.744,309.9,-5.896,0.001,-15.778,0.015,270.053,1.935,0.016
42.045,308.125,-5.895,0.004,-16.361,0.015,270.051,1.94,0.189
42.346,306.35,-5.894,-7.74E-05,-16.937,0.015,270.049,1.883,0.022
42.846,303.403,-5.894,0.005,-17.875,0.015,270.047,1.872,0.183
43.147,301.629,-5.893,0.017,-18.447,0.014,270.045,1.927,0.574
43.448,299.857,-5.888,-0.011,-19.053,0.014,270.043,2.1,0.273
43.75,298.083,-5.891,-3.18E-04,-19.698,0.014,270.042,2.182,0.186
44.051,296.31,-5.891,1.585e-4,-20.363,0.014,270.041,2.238,0.065
44.351,294.537,-5.891,0.002,-21.039,0.014,270.039,2.258,0.115
44.652,292.765,-5.891,0.001,-21.713,0.014,270.038,2.223,0.076
44.953,290.993,-5.89,0.002,-22.378,0.014,270.037,2.2,0.052
45.254,289.221,-5.89,0.007,-23.038,0.014,270.036,2.184,0.32
45.555,287.45,-5.888,0.005,-23.709,0.014,270.034,2.281,0.417
45.855,285.679,-5.886,-0.002,-24.376,0.014,270.033,2.155,0.305
46.156,283.909,-5.887,-0.003,-25.011,0.014,270.032,2.063,0.035
46.457,282.138,-5.888,0.006,-25.63,0.014,270.032,2.053,0.299
46.758,280.368,-5.886,-0.003,-26.233,0.014,270.031,1.963,0.027
47.058,278.598,-5.887,0.002,-26.822,0.014,270.03,1.955,0.047
47.359,276.829,-5.886,0.003,-27.412,0.014,270.029,1.969,0.152
47.659,275.059,-5.885,0.005,-28.011,0.014,270.029,2.015,0.295
47.96,273.291,-5.884,0.011,-28.603,0.014,270.028,1.926,0.522
48.261,271.523,-5.881,-0.004,-29.205,0.014,270.027,2.083,0.406
48.561,269.754,-5.882,-0.005,-29.813,0.014,270.027,1.961,0.203
48.862,267.986,-5.883,0.002,-30.412,0.014,270.026,2.022,0.22
49.162,266.218,-5.883,-2.07E-04,-31.009,0.014,270.026,1.956,0.103
49.463,264.451,-5.883,0.005,-31.602,0.014,270.025,1.987,0.288
49.763,262.684,-5.881,0.004,-32.211,0.014,270.025,2.073,0.359
50.064,260.917,-5.88,-0.001,-32.85,0.014,270.024,2.181,0.272
50.364,259.151,-5.88,0.027,-33.518,0.014,270.024,2.263,0.753
50.664,257.386,-5.872,-0.027,-34.164,0.014,270.023,2.037,0.065
50.965,255.619,-5.88,0.002,-34.779,0.014,270.023,2.056,0.084
51.265,253.853,-5.88,0.001,-35.4,0.014,270.022,2.081,0.035
51.566,252.088,-5.879,0.002,-36.027,0.014,270.022,2.092,0.044
51.866,250.323,-5.879,0.002,-36.657,0.014,270.021,2.105,0.054
52.166,248.559,-5.878,0.004,-37.286,0.014,270.021,2.089,0.219
52.466,246.794,-5.877,0.004,-37.923,0.014,270.02,2.155,0.302
52.766,245.031,-5.876,-0.003,-38.557,0.014,270.02,2.064,0.01
53.067,243.267,-5.877,0.004,-39.177,0.014,270.02,2.067,0.221
53.367,241.503,-5.875,-5.75E-04,-39.807,0.013,270.019,2.134,0.069
53.667,239.74,-5.876,0.008,-40.444,0.013,270.019,2.113,0.368
53.967,237.978,-5.873,0.009,-41.062,0.013,270.019,2.003,0.535
54.267,236.216,-5.87,-0.01,-41.687,0.013,270.018,2.163,0.253
54.567,234.453,-5.873,-2.26E-04,-42.347,0.013,270.018,2.239,0.165
54.867,232.691,-5.873,9.327e-4,-43.012,0.013,270.018,2.19,0.11
55.167,230.93,-5.873,0.008,-43.673,0.013,270.017,2.223,0.373
55.467,229.169,-5.871,-0.005,-44.323,0.013,270.017,2.111,0.041
55.767,227.408,-5.872,0.004,-44.958,0.013,270.017,2.123,0.208
56.067,225.647,-5.871,0.006,-45.604,0.013,270.017,2.186,0.371
56.366,223.887,-5.869,0.001,-46.243,0.013,270.016,2.075,0.364
56.666,222.127,-5.869,-0.005,-46.849,0.013,270.016,1.965,0.065
56.966,220.367,-5.87,0.001,-47.435,0.013,270.016,1.946,0.013
57.266,218.607,-5.87,0.003,-48.018,0.013,270.016,1.942,0.177
57.566,216.848,-5.869,0.013,-48.592,0.013,270.015,1.889,0.507
57.865,215.09,-5.865,-0.011,-49.135,0.013,270.015,1.737,0.005
58.165,213.331,-5.868,0.011,-49.656,0.013,270.015,1.736,0.419
58.465,211.573,-5.865,-0.007,-50.157,0.013,270.015,1.61,0.08
58.765,209.815,-5.867,0.005,-50.644,0.013,270.015,1.634,0.281
59.064,208.058,-5.865,-0.002,-51.146,0.013,270.014,1.718,0.029
59.364,206.3,-5.866,0.005,-51.662,0.013,270.014,1.727,0.252
59.663,204.543,-5.865,-0.001,-52.168,0.013,270.014,1.651,0.045
59.963,202.786,-5.865,0.002,-52.665,0.013,270.014,1.665,0.076
60.262,201.03,-5.865,0.01,-53.16,0.013,270.014,1.642,0.399
60.562,199.274,-5.862,-0.002,-53.67,0.013,270.014,1.762,0.303
60.861,197.518,-5.862,0.002,-54.211,0.013,270.014,1.853,0.327
61.161,195.763,-5.861,-0.003,-54.78,0.013,270.013,1.951,0.122
61.46,194.007,-5.862,0.003,-55.359,0.013,270.013,1.914,0.204
61.76,192.253,-5.861,1.415e-4,-55.923,0.013,270.013,1.853,0.108
62.059,190.498,-5.861,0.001,-56.473,0.013,270.013,1.821,0.056
62.358,188.744,-5.861,0.003,-57.015,0.013,270.013,1.804,0.188
62.658,186.99,-5.86,2.47e-4,-57.547,0.013,270.013,1.748,0.088
62.957,185.236,-5.86,0.019,-58.066,0.013,270.012,1.721,0.595
63.256,183.483,-5.854,-0.014,-58.608,0.013,270.012,1.899,0.217
63.556,181.73,-5.858,-4.85E-04,-59.186,0.013,270.012,1.964,0.07
63.855,179.977,-5.859,0.004,-59.777,0.013,270.012,1.985,0.206
64.154,178.224,-5.857,0.002,-60.362,0.012,270.012,1.924,0.205
64.453,176.472,-5.857,-4.49E-04,-60.928,0.012,270.012,1.862,0.022
64.752,174.72,-5.857,0.012,-61.486,0.012,270.012,1.869,0.448
65.051,172.969,-5.854,0.011,-62.065,0.012,270.011,2.003,0.614
65.351,171.218,-5.85,-0.015,-62.692,0.012,270.011,2.187,0.24
65.65,169.466,-5.855,0.003,-63.335,0.012,270.011,2.115,0.306
65.949,167.716,-5.854,-0.003,-63.954,0.012,270.011,2.023,0.084
66.248,165.965,-5.855,0.003,-64.563,0.012,270.011,2.048,0.19
66.547,164.215,-5.854,0.001,-65.167,0.012,270.011,1.991,0.175
66.846,162.465,-5.853,8.173e-4,-65.77,0.012,270.011,2.043,0.12
67.145,160.715,-5.853,0.003,-66.375,0.012,270.011,2.008,0.208
67.444,158.966,-5.852,0.009,-66.966,0.012,270.01,1.946,0.443
67.742,157.218,-5.849,-0.004,-67.528,0.012,270.01,1.813,0.294
68.041,155.469,-5.85,-0.003,-68.056,0.012,270.01,1.725,0.008
68.34,153.72,-5.851,0.002,-68.572,0.012,270.01,1.723,0.096
68.639,151.972,-5.851,0.004,-69.082,0.012,270.01,1.694,0.234
68.938,150.225,-5.849,9.78e-4,-69.599,0.012,270.01,1.764,0.203
69.237,148.477,-5.849,-4.45E-04,-70.135,0.012,270.01,1.825,0.02
69.535,146.73,-5.849,0.005,-70.681,0.012,270.01,1.831,0.266
69.834,144.983,-5.848,-3.87E-04,-71.239,0.012,270.01,1.91,0.176
70.133,143.236,-5.848,7.091e-4,-71.818,0.012,270.01,1.963,0.112
70.431,141.49,-5.848,0.001,-72.409,0.012,270.009,1.996,3.941e-4
70.73,139.744,-5.847,0.002,-73.005,0.012,270.009,1.996,0.058
71.028,137.998,-5.847,0.006,-73.603,0.012,270.009,2.013,0.302
71.327,136.253,-5.845,-0.003,-74.191,0.012,270.009,1.923,0.091
71.626,134.508,-5.846,0.008,-74.761,0.012,270.009,1.896,0.356
71.924,132.763,-5.843,-0.003,-75.343,0.012,270.009,2.002,0.191
72.223,131.019,-5.844,-2.27E-04,-75.949,0.012,270.009,2.059,0.011
72.521,129.274,-5.844,0.002,-76.563,0.012,270.009,2.056,0.108
72.819,127.53,-5.844,0.001,-77.182,0.012,270.009,2.088,0.06
73.118,125.787,-5.843,0.002,-77.802,0.012,270.009,2.07,0.053
73.416,124.044,-5.843,0.004,-78.422,0.012,270.009,2.086,0.228
73.715,122.301,-5.842,0.003,-79.034,0.012,270.008,2.018,0.285
74.013,120.558,-5.841,0.004,-79.649,0.012,270.008,2.103,0.352
74.311,118.816,-5.839,-0.002,-80.261,0.012,270.008,1.998,0.243
74.61,117.074,-5.84,0.002,-80.847,0.012,270.008,1.926,0.24
74.908,115.332,-5.839,0.002,-81.432,0.011,270.008,1.998,0.266
75.206,113.59,-5.839,0.013,-82.016,0.011,270.008,1.918,0.549
75.504,111.85,-5.835,-0.013,-82.563,0.011,270.008,1.755,0.142
75.803,110.108,-5.838,9.131e-4,-83.093,0.011,270.008,1.797,0.064
76.101,108.368,-5.838,0.003,-83.626,0.011,270.008,1.778,0.178
76.399,106.628,-5.837,0.006,-84.148,0.011,270.008,1.725,0.326
76.697,104.888,-5.835,0.002,-84.676,0.011,270.008,1.822,0.344
76.995,103.148,-5.835,-0.004,-85.235,0.011,270.008,1.924,0.031
77.293,101.409,-5.836,0.002,-85.81,0.011,270.008,1.934,0.02
77.591,99.67,-5.836,0.005,-86.387,0.011,270.007,1.94,0.237
77.889,97.931,-5.834,0.007,-86.975,0.011,270.007,2.01,0.407
78.187,96.193,-5.832,-0.005,-87.556,0.011,270.007,1.889,0.191
78.485,94.455,-5.833,7.855e-4,-88.128,0.011,270.007,1.945,0.133
78.783,92.717,-5.833,9.009e-4,-88.713,0.011,270.007,1.985,0.041
79.081,90.979,-5.833,0.002,-89.303,0.011,270.007,1.973,0.053
79.379,89.242,-5.832,0.009,-89.893,0.011,270.007,1.989,0.368
79.677,87.506,-5.83,0.008,-90.501,0.011,270.007,2.098,0.513
79.974,85.77,-5.827,-0.011,-91.149,0.011,270.007,2.251,0.06
80.272,84.033,-5.831,0.004,-91.817,0.011,270.007,2.233,0.2
80.57,82.297,-5.83,0.008,-92.473,0.011,270.007,2.174,0.4
80.868,80.562,-5.827,-0.006,-93.102,0.011,270.007,2.055,0.132
81.166,78.826,-5.829,0.001,-93.708,0.011,270.007,2.015,0.095
81.463,77.091,-5.829,0.003,-94.304,0.011,270.007,1.987,0.205
81.761,75.356,-5.828,0.014,-94.886,0.011,270.007,1.926,0.542
82.058,73.623,-5.823,-0.012,-95.435,0.011,270.007,1.765,0.144
82.356,71.888,-5.827,0.002,-95.955,0.011,270.006,1.722,0.178
82.654,70.154,-5.826,2.674e-4,-96.475,0.011,270.006,1.775,0.058
82.951,68.421,-5.826,0.004,-97,0.011,270.006,1.757,0.201
83.249,66.688,-5.825,-2.21E-05,-97.532,0.011,270.006,1.817,0.08
83.749,63.775,-5.825,0.004,-98.43,0.011,270.006,1.777,0.136
84.046,62.043,-5.824,7.92e-4,-98.965,0.011,270.006,1.817,0.022
84.344,60.311,-5.824,0.012,-99.504,0.011,270.006,1.811,0.459
84.641,58.58,-5.82,-0.008,-100.063,0.011,270.006,1.947,0.166
84.938,56.848,-5.822,0.001,-100.65,0.011,270.006,1.997,0.143
85.236,55.117,-5.822,0.005,-101.25,0.011,270.006,2.039,0.276
85.533,53.386,-5.821,-0.001,-101.844,0.011,270.006,1.957,0.117
85.83,51.655,-5.821,0.005,-102.421,0.011,270.006,1.922,0.267
86.128,49.925,-5.82,0.004,-102.98,0.01,270.006,1.843,0.347
86.425,48.195,-5.819,-0.004,-103.544,0.01,270.006,1.946,0.125
86.722,46.466,-5.82,9.356e-4,-104.128,0.01,270.006,1.983,0.025
87.019,44.736,-5.819,0.006,-104.716,0.01,270.006,1.976,0.294
87.316,43.007,-5.818,0.019,-105.316,0.01,270.006,2.063,0.659
87.614,41.28,-5.812,-0.017,-105.9,0.01,270.006,1.868,0.244
87.911,39.55,-5.817,-5.41E-04,-106.445,0.01,270.006,1.795,0.122
88.208,37.822,-5.817,0.001,-106.984,0.01,270.006,1.832,0.078
88.505,36.094,-5.817,0.013,-107.531,0.01,270.005,1.855,0.475
88.802,34.367,-5.813,-0.008,-108.103,0.01,270.005,1.996,0.202
89.099,32.64,-5.815,0.001,-108.705,0.01,270.005,2.056,0.192
89.396,30.913,-5.815,0.003,-109.307,0.01,270.005,1.999,0.243
89.693,29.186,-5.814,-0.001,-109.89,0.01,270.005,1.927,0.04
89.99,27.46,-5.814,0.003,-110.463,0.01,270.005,1.938,0.181
90.287,25.734,-5.813,0.006,-111.047,0.01,270.005,1.992,0.354
90.584,24.009,-5.811,-0.001,-111.654,0.01,270.005,2.097,0.256
90.881,22.283,-5.812,-0.002,-112.288,0.01,270.005,2.173,0.036
91.178,20.558,-5.812,0.003,-112.934,0.01,270.005,2.183,0.174
91.474,18.833,-5.811,4.09e-4,-113.574,0.01,270.005,2.132,0.07
91.771,17.109,-5.811,0.003,-114.204,0.01,270.005,2.111,0.154
92.068,15.384,-5.81,0.001,-114.824,0.01,270.005,2.065,0.102
92.365,13.661,-5.81,0.016,-115.432,0.01,270.005,2.035,0.546
92.661,11.938,-5.805,-0.005,-116.06,0.01,270.005,2.197,0.414
92.958,10.214,-5.807,-0.007,-116.694,0.01,270.005,2.074,0.078
93.255,8.491,-5.809,0.01,-117.312,0.01,270.005,2.097,0.419
93.551,6.768,-5.806,-0.006,-117.916,0.01,270.005,1.973,0.138
93.848,5.046,-5.807,0.015,-118.495,0.01,270.005,1.932,0.525
94.145,3.324,-5.803,-0.012,-119.091,0.01,270.005,2.087,0.079
94.441,1.602,-5.807,0.001,-119.714,0.01,270.005,2.111,0.016
94.717,0,-5.806,0.002,-120.297,0.01,270.005,2.115,0.051